date,beta_hat,gamma_hat
2015-02-18,1.7142857142857169,1.9285714285714306
2015-02-19,1.2000000000000015,1.5000000000000016
2015-02-20,1.2000000000000015,1.5000000000000016
2015-02-23,1.200000000000001,1.5000000000000013
2015-02-24,1.2000000000000035,1.500000000000003
2015-02-25,1.2000000000000015,1.5000000000000016
2015-02-26,1.2000000000000015,1.5000000000000016
2015-02-27,1.200000000000001,1.5000000000000013
2015-03-02,1.2000000000000035,1.500000000000003
2015-03-03,1.2000000000000015,1.5000000000000016
2015-03-04,1.2000000000000015,1.5000000000000016
2015-03-05,1.200000000000001,1.5000000000000013
2015-03-06,1.2000000000000035,1.500000000000003
2015-03-09,1.2000000000000015,1.5000000000000016
2015-03-10,1.2000000000000015,1.5000000000000016
2015-03-11,1.200000000000001,1.5000000000000013
2015-03-12,1.2000000000000035,1.500000000000003
2015-03-13,1.2000000000000015,1.5000000000000016
2015-03-16,1.2000000000000015,1.5000000000000016
2015-03-17,1.2000000000000024,1.5000000000000022
2015-03-18,1.2000000000000035,1.500000000000003
2015-03-19,1.2000000000000024,1.5000000000000022
2015-03-20,1.2000000000000748,1.5000000000000677
2015-03-23,1.1999999999999735,1.4999999999999762
2015-03-24,1.7142857142857169,1.9285714285714315
2015-03-25,1.7142857142857157,1.9285714285714306
2015-03-26,1.7142857142857504,1.9285714285714615
2015-03-27,1.7142857142857055,1.9285714285714202
2015-03-30,1.3846153846154163,1.653846153846183
2015-03-31,0.9999999999999862,1.3333333333333204
2015-04-01,0.5454545454545383,0.9545454545454484
2015-04-02,1.199999999999998,1.499999999999998
2015-04-06,1.199999999999977,1.4999999999999793
2015-04-07,2.000000000000004,2.1666666666666705
2015-04-08,2.000000000000004,2.1666666666666705
2015-04-09,2.000000000000004,2.1666666666666705
2015-04-10,2.000000000000004,2.1666666666666705
2015-04-13,2.000000000000004,2.1666666666666705
2015-04-14,2.000000000000004,2.1666666666666705
2015-04-15,2.000000000000004,2.1666666666666705
2015-04-16,2.000000000000004,2.1666666666666705
2015-04-17,2.000000000000004,2.1666666666666705
2015-04-20,2.000000000000004,2.1666666666666705
2015-04-21,2.000000000000004,2.1666666666666705
2015-04-22,2.000000000000007,2.166666666666673
2015-04-23,2.000000000000048,2.1666666666667096
2015-04-24,1.999999999999955,2.166666666666625
2015-04-27,,
2015-04-28,,
2015-04-29,,
2015-04-30,,
2015-05-01,,
2015-05-04,,
2015-05-05,,
2015-05-06,,
2015-05-07,,
2015-05-08,,
2015-05-11,,
2015-05-12,,
2015-05-13,,
2015-05-14,,
2015-05-15,,
2015-05-18,,
2015-05-19,,
2015-05-20,,
2015-05-21,,
2015-05-22,,
2015-05-26,,
2015-05-27,,
2015-05-28,,
2015-05-29,,
2015-06-01,,
2015-06-02,,
2015-06-03,,
2015-06-04,,
2015-06-05,,
2015-06-08,,
2015-06-09,,
2015-06-10,,
2015-06-11,,
2015-06-12,,
2015-06-15,,
2015-06-16,,
2015-06-17,,
2015-06-18,,
2015-06-19,,
2015-06-22,,
2015-06-23,,
2015-06-24,,
2015-06-25,,
2015-06-26,,
2015-06-29,,
2015-06-30,,
2015-07-01,,
2015-07-02,,
2015-07-06,,
2015-07-07,,
2015-07-08,,
2015-07-09,,
2015-07-10,,
2015-07-13,,
2015-07-14,,
2015-07-15,,
2015-07-16,,
2015-07-17,,
2015-07-20,,
2015-07-21,,
2015-07-22,,
2015-07-23,,
2015-07-24,0.8481856648288238,0.06936786767534293
2015-07-27,0.7495356858583175,0.04784646679048374
2015-07-28,0.7880526493418831,0.056249296883788914
2015-07-29,0.789323058688058,0.057292572437768766
2015-07-30,0.7903635475756836,0.05814703452427386
2015-07-31,0.7912313535298912,0.05885968729272898
2015-08-03,0.7919661711622682,0.059463128439317205
2015-08-04,0.7925963948186839,0.0599806757450406
2015-08-05,0.7931428726059923,0.06042944992795148
2015-08-06,0.7936212571194157,0.06082230508897486
2015-08-07,0.7940435289761892,0.06116907985620391
2015-08-10,0.794419013935542,0.06147743265615786
2015-08-11,0.7947550796803868,0.061753413919348674
2015-08-12,0.8442139349000487,0.10236962532701044
2015-08-13,0.5487437816144806,0.07798587015592988
2015-08-14,0.4152935619216983,0.06681208146933788
2015-08-17,0.4024910745443317,0.06572625023488038
2015-08-18,0.39052885738764714,0.06471168574914979
2015-08-19,0.379326814308338,0.06376159473115309
2015-08-20,0.368814715556097,0.06287002070897797
2015-08-21,0.35893072395944103,0.062031719019593944
2015-08-24,0.34962017763293735,0.06124205356528124
2015-08-25,0.34083457858465116,0.06049691103329842
2015-08-26,0.2995705082319255,0.056997136721546195
2015-08-27,0.2995705082319255,0.056997136721546195
2015-08-28,0.2995705082319255,0.056997136721546195
2015-08-31,0.29957050823192555,0.056997136721546215
2015-09-01,0.2995705082319255,0.056997136721546195
2015-09-02,0.29957050823192555,0.056997136721546215
2015-09-03,0.2995705082319255,0.056997136721546195
2015-09-04,0.29957050823192555,0.056997136721546215
2015-09-08,0.2995705082319255,0.056997136721546195
2015-09-09,0.2995705082319255,0.056997136721546195
2015-09-10,0.2995705082319255,0.056997136721546195
2015-09-11,0.2995705082319255,0.056997136721546195
2015-09-14,0.2995705082319255,0.056997136721546195
2015-09-15,0.2995705082319255,0.056997136721546195
2015-09-16,0.29957050823192544,0.05699713672154619
2015-09-17,0.2995705082319255,0.056997136721546195
2015-09-18,0.29957050823192544,0.05699713672154619
2015-09-21,0.2995705082319255,0.056997136721546195
2015-09-22,0.2995705082319255,0.056997136721546195
2015-09-23,0.2995705082319255,0.056997136721546195
2015-09-24,0.29957050823192544,0.05699713672154619
2015-09-25,0.2995705082319255,0.056997136721546195
2015-09-28,0.29957050823192544,0.05699713672154619
2015-09-29,0.2995705082319255,0.05699713672154619
2015-09-30,0.2995705082319255,0.05699713672154619
2015-10-01,0.2995705082319255,0.056997136721546195
2015-10-02,0.29957050823192544,0.05699713672154619
2015-10-05,0.29957050823192566,0.05699713672154619
2015-10-06,0.0358297834377857,0.03462820884537327
2015-10-07,0.021007981527031646,0.03414110737412778
2015-10-08,0.0019370390564468017,0.03351436278589264
2015-10-09,-0.10913841618652044,0.029863995712180076
2015-10-12,-0.1346564801482121,0.030183522419817872
2015-10-13,-0.1655415678404187,0.030570252792474994
2015-10-14,-0.3348549550876161,0.03269032543071712
2015-10-15,-0.31161937973563775,0.037000474365055956
2015-10-16,-0.28132614634866737,0.04261980358856973
2015-10-19,-0.24018387282129863,0.0502516062753565
2015-10-20,-0.2790845652957772,0.04303561202197382
2015-10-21,-0.2702886617581013,0.05039672278400042
2015-10-22,-0.25953848879057484,0.05939332143767523
2015-10-23,-0.24610135386365142,0.07063858329141239
2015-10-26,-0.22882598649129043,0.08509598293636682
2015-10-27,-0.20579382385246148,0.10437112613765606
2015-10-28,-0.1735519839511067,0.13135365882105957
2015-10-29,-0.1251961961037763,0.1718216231188256
2015-10-30,-0.044621803011064484,0.23925267549428625
2015-11-02,0.134423251589464,0.3756639969174027
2015-11-03,0.6285079188663517,0.78080716865796
2015-11-04,1.5126050420167958,1.5210084033613347
2015-11-05,4.999999999999992,4.666666666666659
2015-11-06,-2.126987507264451e-18,2.320350007924857e-18
2015-11-09,9.648939787070715e-17,8.140921023065712e-17
2015-11-10,-4.975925252687752e-17,-4.092433464852816e-17
2015-11-11,0.0,0.0
2015-11-12,0.0,0.0
2015-11-13,0.0,0.0
2015-11-16,-0.9999999999999944,-0.9166666666666625
2015-11-17,2.3749999999999907,1.989583333333327
2015-11-18,3.524475524475526,2.9090909090909105
2015-11-19,3.5159235668789823,2.9044585987261162
2015-11-20,3.5087719298245634,2.900584795321641
2015-11-23,3.372972972972972,2.827027027027026
2015-11-24,4.000000000000001,3.333333333333335
2015-11-25,4.0821917808219155,3.367579908675798
2015-11-27,2.8387096774193536,2.309139784946236
2015-11-30,3.2799999999999967,2.684761904761903
2015-12-01,3.709677419354836,2.986559139784946
2015-12-02,-0.4472727272727253,-0.45545454545454395
2015-12-03,1.1659171597633136,0.8427218934911245
2015-12-04,1.2085337795440283,0.8925956912779751
2015-12-07,1.159545276362211,0.8776950215601722
2015-12-08,1.05482182905557,0.8177797159232498
2015-12-09,1.3366264178558367,0.9948469325527503
2015-12-10,0.9690837549184932,0.6841858722128535
2015-12-11,0.6957123098201936,0.4706662056247118
2015-12-14,0.40948813982521826,0.24710778193924252
2015-12-15,0.31135604209266354,0.17556480973517521
2015-12-16,-0.25399651084131447,-0.23660412290383445
2015-12-17,0.0580019311521793,-0.04045876091886913
2015-12-18,0.09465060160343937,-0.017418688391583836
2015-12-21,0.10885808550212842,-0.008486810224506198
2015-12-22,0.11640507847645705,-0.0037422106701322684
2015-12-23,0.12108586926591883,-0.0007995183992714772
2015-12-24,0.1508759617580642,0.017928743312879348
2015-12-28,0.17323372922397753,0.04080563196995407
2015-12-29,0.17184664774577776,0.04133419407869231
2015-12-30,0.1996234487406777,0.030749549457150794
2015-12-31,0.24225040411202553,0.05494719040762917
2016-01-04,0.2421639973586806,0.0552272058929688
2016-01-05,0.2404638366764141,0.060736859943967526
2016-01-06,0.23888660738423317,0.06110637612908688
2016-01-07,0.23744840515458557,0.06144332079779422
2016-01-08,0.20824340095240684,0.06828552300180069
2016-01-11,0.2672118870984252,0.07559725522098847
2016-01-12,0.24190261804374552,0.08240358972382891
2016-01-13,0.23594564300805773,0.08163259707761757
2016-01-14,0.21111263211060707,0.07841853815164994
2016-01-15,0.2628563070412802,0.08654580240904702
2016-01-19,0.26094298585467773,0.08659420976325352
2016-01-20,0.224745604034912,0.08751000973210703
2016-01-21,0.1508194230462251,0.07531195928200861
2016-01-22,0.1508194230462252,0.07531195928200868
2016-01-25,0.15081942304622514,0.07531195928200865
2016-01-26,0.1508194230462252,0.07531195928200866
2016-01-27,0.12513810125520963,0.07021435095563469
2016-01-28,0.1254524482989733,0.07028000416394116
2016-01-29,0.12576995490025936,0.07034631726421188
2016-02-01,0.12609066893557944,0.07041330025573474
2016-02-02,0.12641463925364732,0.07048096334084777
2016-02-03,0.11953304408566644,0.06904370216722695
2016-02-04,0.12031215132686587,0.06919855457660963
2016-02-05,0.12111687599655946,0.06935849860921789
2016-02-08,0.1219485026841461,0.06952378958518347
2016-02-09,0.12280840332692637,0.06969470018557689
2016-02-10,0.12369804476270699,0.06987152195353423
2016-02-11,0.11075348564252463,0.06729871032740847
2016-02-12,0.12988792513726635,0.07086598194202966
2016-02-16,0.1309753835554732,0.07108172800904458
2016-02-17,0.1321037790113797,0.07130559577039841
2016-02-18,0.13327546744254895,0.07153805263179133
2016-02-19,0.1498949711844017,0.07483527531912591
2016-02-22,0.1415685880404109,0.07311463766332159
2016-02-23,0.12717572407671077,0.0702584155578033
2016-02-24,0.1287567519218442,0.07055511108681715
2016-02-25,0.1522002037116904,0.07495450693054534
2016-02-26,0.11935243517043931,0.0684597506430622
2016-02-29,0.06870287808097827,0.05964460151197416
2016-03-01,0.11398699298473643,0.06512469204088538
2016-03-02,0.14391659774677032,0.0702611284127697
2016-03-03,0.17389988375993853,0.0757675498346013
2016-03-04,0.19835316052903304,0.0804602276511825
2016-03-07,0.1501620025669817,0.07092063293179399
2016-03-08,0.11938367183104372,0.06610453294374082
2016-03-09,0.11811970899246996,0.06593849128248466
2016-03-10,0.08123325064093524,0.06109286715839605
2016-03-11,0.07535732706989691,0.0605619473490517
2016-03-14,-0.06397420519449867,0.04797262932080376
2016-03-15,-0.04147865158783556,0.05710217282771495
2016-03-16,-0.011894836977414988,0.06910839980522013
2016-03-17,0.028753993610223592,0.08560522730472167
2016-03-18,0.08810367762673735,0.10969156595742807
2016-03-21,0.18291490614690584,0.14816953590888554
2016-03-22,0.23841988327139044,0.17069554759850247
2016-03-23,0.17829249780400633,0.14305767574343967
2016-03-24,0.17681514128244522,0.14916408269922624
2016-03-28,0.16789235517995765,0.1860449319228426
2016-03-29,0.1333143616855713,0.17119614756977625
2016-03-30,0.32154256272937026,0.2657107336258116
2016-03-31,0.47605158820580556,0.34329398897142566
2016-04-01,0.6699059308470828,0.4565117269806909
2016-04-04,1.00229734164752,0.650639973744666
2016-04-05,,
2016-04-06,,
2016-04-07,,
2016-04-08,,
2016-04-11,,
2016-04-12,,
2016-04-13,,
2016-04-14,,
2016-04-15,,
2016-04-18,,
2016-04-19,,
2016-04-20,,
2016-04-21,,
2016-04-22,,
2016-04-25,,
2016-04-26,,
2016-04-27,,
2016-04-28,,
2016-04-29,,
2016-05-02,,
2016-05-03,,
2016-05-04,,
2016-05-05,,
2016-05-06,,
2016-05-09,,
2016-05-10,,
2016-05-11,,
2016-05-12,,
2016-05-13,,
2016-05-16,,
2016-05-17,,
2016-05-18,,
2016-05-19,,
2016-05-20,,
2016-05-23,,
2016-05-24,,
2016-05-25,,
2016-05-26,0.8212268188302426,0.1310318592486923
2016-05-27,0.8648848816615681,0.15455643213653197
2016-05-31,0.8012680115273776,0.16847262247838626
2016-06-01,0.4931742620537874,0.12315248928996331
2016-06-02,0.19884937296976926,0.0685353639831748
2016-06-03,0.1793719797387775,0.0645834546289647
2016-06-06,0.16444332074889526,0.06155447090366544
2016-06-07,0.1526365471247784,0.05915890910672308
2016-06-08,0.14306508485174818,0.05721688581635427
2016-06-09,0.1351490301614704,0.055610740157746835
2016-06-10,0.12849310506991324,0.05426027131839556
2016-06-13,0.12281859946645313,0.05310892978573347
2016-06-14,-0.0075796709596297075,0.026651480446481576
2016-06-15,-0.007579670959629658,0.026651480446481607
2016-06-16,-0.007579670959629643,0.02665148044648161
2016-06-17,-0.007579670959629658,0.026651480446481607
2016-06-20,-0.0075796709596297075,0.026651480446481576
2016-06-21,-0.007579670959629658,0.026651480446481607
2016-06-22,-0.007579670959629643,0.02665148044648161
2016-06-23,-0.007579670959629658,0.026651480446481607
2016-06-24,-0.0075796709596297075,0.026651480446481576
2016-06-27,-0.007579670959629669,0.0266514804464816
2016-06-28,-0.007579670959629669,0.0266514804464816
2016-06-29,-0.007579670959629669,0.0266514804464816
2016-06-30,-0.007579670959629719,0.026651480446481562
2016-07-01,-0.007579670959629651,0.026651480446481596
2016-07-05,-0.007579670959629665,0.026651480446481593
2016-07-06,-0.007579670959629651,0.026651480446481596
2016-07-07,-0.007579670959629719,0.026651480446481562
2016-07-08,-0.007579670959629696,0.026651480446481586
2016-07-11,-0.007579670959629719,0.026651480446481562
2016-07-12,-0.007579670959629719,0.026651480446481562
2016-07-13,-0.007579670959629719,0.026651480446481562
2016-07-14,-0.007579670959629693,0.02665148044648158
2016-07-15,-0.007579670959629693,0.02665148044648158
2016-07-18,-0.0075796709596297075,0.026651480446481576
2016-07-19,-0.0075796709596297075,0.026651480446481576
2016-07-20,-0.007579670959629658,0.026651480446481607
2016-07-21,-0.007579670959629658,0.026651480446481607
2016-07-22,-0.0075796709596296676,0.026651480446481593
2016-07-25,-0.0075796709596297075,0.026651480446481576
2016-07-26,-0.007579670959629658,0.026651480446481607
2016-07-27,-0.007579670959629643,0.02665148044648161
2016-07-28,-0.007579670959629658,0.026651480446481607
2016-07-29,-0.0075796709596297075,0.026651480446481576
2016-08-01,-0.007579670959629658,0.026651480446481607
2016-08-02,-0.007579670959629643,0.02665148044648161
2016-08-03,-0.007579670959629658,0.026651480446481607
2016-08-04,-0.007579670959629735,0.026651480446481562
2016-08-05,-0.007579670959629258,0.02665148044648178
2016-08-08,-0.007579670959629691,0.02665148044648158
2016-08-09,-0.06437724357291509,0.0160206189935344
2016-08-10,-0.07925759747323213,0.013563281261245393
2016-08-11,-0.34945344098942493,-0.03105678932497027
2016-08-12,-0.3478946131524093,-0.014264749458454292
2016-08-15,-0.33101975921413535,-0.0037811397918233315
2016-08-16,-0.30696256696176566,0.011164542948393499
2016-08-17,-0.2698979225988216,0.03419118752587792
2016-08-18,-0.20536767223342306,0.07428101342869109
2016-08-19,-0.06487417472012268,0.1615634867476795
2016-08-22,0.16290058021396936,0.30306999290033576
2016-08-23,0.5213281204411511,0.5438233062963184
2016-08-24,,
2016-08-25,,
2016-08-26,,
2016-08-29,,
2016-08-30,,
2016-08-31,,
2016-09-01,,
2016-09-02,,
2016-09-06,,
2016-09-07,,
2016-09-08,,
2016-09-09,,
2016-09-12,,
2016-09-13,,
2016-09-14,,
2016-09-15,,
2016-09-16,,
2016-09-19,,
2016-09-20,,
2016-09-21,,
2016-09-22,,
2016-09-23,,
2016-09-26,,
2016-09-27,,
2016-09-28,,
2016-09-29,,
2016-09-30,,
2016-10-03,,
2016-10-04,,
2016-10-05,,
2016-10-06,,
2016-10-07,,
2016-10-10,,
2016-10-11,,
2016-10-12,,
2016-10-13,,
2016-10-14,,
2016-10-17,,
2016-10-18,,
2016-10-19,,
2016-10-20,,
2016-10-21,,
2016-10-24,,
2016-10-25,,
2016-10-26,,
2016-10-27,,
2016-10-28,,
2016-10-31,,
2016-11-01,,
2016-11-02,,
2016-11-03,,
2016-11-04,,
2016-11-07,,
2016-11-08,,
2016-11-09,,
2016-11-10,,
2016-11-11,,
2016-11-14,,
2016-11-15,,
2016-11-16,,
2016-11-17,,
2016-11-18,,
2016-11-21,,
2016-11-22,,
2016-11-23,,
2016-11-25,,
2016-11-28,,
2016-11-29,,
2016-11-30,,
2016-12-01,,
2016-12-02,,
2016-12-05,,
2016-12-06,,
2016-12-07,,
2016-12-08,,
2016-12-09,,
2016-12-12,,
2016-12-13,,
2016-12-14,,
2016-12-15,,
2016-12-16,,
2016-12-19,,
2016-12-20,,
2016-12-21,,
2016-12-22,,
2016-12-23,,
2016-12-27,,
2016-12-28,,
2016-12-29,,
2016-12-30,,
2017-01-03,,
2017-01-04,,
2017-01-05,,
2017-01-06,,
2017-01-09,,
2017-01-10,,
2017-01-11,,
2017-01-12,,
2017-01-13,,
2017-01-17,,
2017-01-18,,
2017-01-19,,
2017-01-20,,
2017-01-23,,
2017-01-24,,
2017-01-25,,
2017-01-26,,
2017-01-27,,
2017-01-30,,
2017-01-31,,
2017-02-01,,
2017-02-02,,
2017-02-03,,
2017-02-06,,
2017-02-07,,
2017-02-08,,
2017-02-09,,
2017-02-10,,
2017-02-13,,
2017-02-14,,
2017-02-15,,
2017-02-16,,
2017-02-17,,
2017-02-21,,
2017-02-22,,
2017-02-23,,
2017-02-24,,
2017-02-27,,
2017-02-28,,
2017-03-01,,
2017-03-02,,
2017-03-03,,
2017-03-06,,
2017-03-07,,
2017-03-08,,
2017-03-09,,
2017-03-10,,
2017-03-13,,
2017-03-14,,
2017-03-15,,
2017-03-16,,
2017-03-17,,
2017-03-20,,
2017-03-21,,
2017-03-22,,
2017-03-23,,
2017-03-24,,
2017-03-27,,
2017-03-28,,
2017-03-29,,
2017-03-30,,
2017-03-31,,
2017-04-03,,
2017-04-04,,
2017-04-05,,
2017-04-06,,
2017-04-07,,
2017-04-10,,
2017-04-11,,
2017-04-12,,
2017-04-13,,
2017-04-17,,
2017-04-18,,
2017-04-19,,
2017-04-20,,
2017-04-21,,
2017-04-24,,
2017-04-25,,
2017-04-26,,
2017-04-27,,
2017-04-28,,
2017-05-01,,
2017-05-02,,
2017-05-03,,
2017-05-04,,
2017-05-05,,
2017-05-08,,
2017-05-09,,
2017-05-10,,
2017-05-11,,
2017-05-12,,
2017-05-15,,
2017-05-16,,
2017-05-17,,
2017-05-18,,
2017-05-19,,
2017-05-22,,
2017-05-23,,
2017-05-24,,
2017-05-25,,
2017-05-26,,
2017-05-30,,
2017-05-31,,
2017-06-01,,
2017-06-02,,
2017-06-05,,
2017-06-06,,
2017-06-07,,
2017-06-08,,
2017-06-09,,
2017-06-12,,
2017-06-13,,
2017-06-14,,
2017-06-15,,
2017-06-16,,
2017-06-19,,
2017-06-20,,
2017-06-21,,
2017-06-22,,
2017-06-23,,
2017-06-26,,
2017-06-27,,
2017-06-28,,
2017-06-29,,
2017-06-30,,
2017-07-03,,
2017-07-05,,
2017-07-06,,
2017-07-07,,
2017-07-10,,
2017-07-11,,
2017-07-12,,
2017-07-13,,
2017-07-14,,
2017-07-17,,
2017-07-18,,
2017-07-19,,
2017-07-20,,
2017-07-21,,
2017-07-24,,
2017-07-25,,
2017-07-26,,
2017-07-27,,
2017-07-28,,
2017-07-31,,
2017-08-01,,
2017-08-02,,
2017-08-03,,
2017-08-04,,
2017-08-07,,
2017-08-08,,
2017-08-09,,
2017-08-10,,
2017-08-11,,
2017-08-14,,
2017-08-15,,
2017-08-16,,
2017-08-17,,
2017-08-18,,
2017-08-21,,
2017-08-22,,
2017-08-23,,
2017-08-24,,
2017-08-25,,
2017-08-28,,
2017-08-29,,
2017-08-30,,
2017-08-31,,
2017-09-01,,
2017-09-05,,
2017-09-06,,
2017-09-07,,
2017-09-08,,
2017-09-11,,
2017-09-12,,
2017-09-13,,
2017-09-14,,
2017-09-15,,
2017-09-18,,
2017-09-19,,
2017-09-20,,
2017-09-21,,
2017-09-22,,
2017-09-25,,
2017-09-26,,
2017-09-27,,
2017-09-28,,
2017-09-29,,
2017-10-02,,
2017-10-03,,
2017-10-04,,
2017-10-05,,
2017-10-06,,
2017-10-09,,
2017-10-10,,
2017-10-11,,
2017-10-12,,
2017-10-13,,
2017-10-16,,
2017-10-17,,
2017-10-18,,
2017-10-19,,
2017-10-20,,
2017-10-23,,
2017-10-24,,
2017-10-25,,
2017-10-26,,
2017-10-27,,
2017-10-30,,
2017-10-31,,
2017-11-01,,
2017-11-02,,
2017-11-03,,
2017-11-06,,
2017-11-07,,
2017-11-08,,
2017-11-09,,
2017-11-10,,
2017-11-13,,
2017-11-14,,
2017-11-15,,
2017-11-16,,
2017-11-17,,
2017-11-20,,
2017-11-21,,
2017-11-22,,
2017-11-24,,
2017-11-27,,
2017-11-28,,
2017-11-29,,
2017-11-30,,
2017-12-01,,
2017-12-04,,
2017-12-05,,
2017-12-06,,
2017-12-07,,
2017-12-08,,
2017-12-11,,
2017-12-12,,
2017-12-13,,
2017-12-14,,
2017-12-15,,
2017-12-18,,
2017-12-19,,
2017-12-20,,
2017-12-21,,
2017-12-22,,
2017-12-26,,
2017-12-27,,
2017-12-28,,
2017-12-29,,
2018-01-02,,
2018-01-03,,
2018-01-04,,
2018-01-05,2.1315969842357783,1.303746858578936
2018-01-08,1.7817606747496049,1.1094710947109474
2018-01-09,1.5631691648822263,0.9880799428979293
2018-01-10,1.4136314460872703,0.9050366630604642
2018-01-11,1.304889442541264,0.8446486037579151
2018-01-12,1.0167169087421213,0.6846167899881246
2018-01-16,1.3721444362564479,0.8940063866371897
2018-01-17,1.4756015291207552,0.9224570871748742
2018-01-18,1.1487780477347436,0.6917488447429849
2018-01-19,0.9965434167801405,0.5842847665933454
2018-01-22,0.908489708192114,0.5221266980794138
2018-01-23,1.4147607018502084,0.8795088869165476
2018-01-24,1.073883342091434,0.6947031003678398
2018-01-25,1.0738833420914344,0.6947031003678402
2018-01-26,1.0738833420914344,0.6947031003678403
2018-01-29,1.0738833420914347,0.6947031003678404
2018-01-30,1.073883342091434,0.6947031003678398
2018-01-31,1.0738833420914344,0.6947031003678402
2018-02-01,1.0738833420914344,0.6947031003678403
2018-02-02,1.0738833420914347,0.6947031003678404
2018-02-05,1.073883342091434,0.6947031003678398
2018-02-06,1.0738833420914344,0.6947031003678402
2018-02-07,1.0738833420914342,0.6947031003678402
2018-02-08,1.0738833420914344,0.6947031003678403
2018-02-09,1.0738833420914344,0.6947031003678402
2018-02-12,1.0738833420914344,0.6947031003678402
2018-02-13,1.1342201218145889,0.7280764294880935
2018-02-14,1.0828813109281943,0.7002617304555628
2018-02-15,1.0381646883483253,0.676034846791221
2018-02-16,1.1027735182345486,0.7110390692712848
2018-02-20,1.1644380869457054,0.7426923316126627
2018-02-21,1.103648863035431,0.7178300722721666
2018-02-22,1.075298210735586,0.7031767726971506
2018-02-23,1.131270511017347,0.7321065791529929
2018-02-26,1.1275117836765058,0.7306499627883895
2018-02-27,1.042817221617012,0.6978283522000657
2018-02-28,1.0157860168051993,0.6827735374719722
2018-03-01,1.066666666666666,0.7111111111111108
2018-03-02,1.1155828830507422,0.7365484545473366
2018-03-05,1.1146895687958478,0.7362378481541119
2018-03-06,1.1138645098376638,0.7359509742060079
2018-03-07,1.1707829161832146,0.7557415695158115
2018-03-08,0.9560797168578824,0.6011504627980081
2018-03-09,0.5838126540673786,0.34949328950972336
2018-03-12,1.477299088649543,0.9317867992267326
2018-03-13,1.4656524514941802,0.9257586982721241
2018-03-14,1.42698716087071,0.9057462026299614
2018-03-15,1.42698716087071,0.9057462026299614
2018-03-16,1.42698716087071,0.9057462026299614
2018-03-19,1.42698716087071,0.9057462026299613
2018-03-20,1.4269871608707099,0.9057462026299615
2018-03-21,1.4380801835419899,0.9114877621601682
2018-03-22,1.4494200497100234,0.9173570836785412
2018-03-23,1.3764369521429045,0.8795822758738657
2018-03-26,1.317078471787032,0.8574065152267071
2018-03-27,1.324280265508123,0.863474693269478
2018-03-28,1.3223915592028128,0.8663540445486518
2018-03-29,1.324672007628323,0.8628774785666244
2018-04-02,1.3273322858132035,0.8637868740401429
2018-04-03,1.364559474020976,0.8765126997227297
2018-04-04,1.3863602215942965,0.8862051249739483
2018-04-05,1.410230895761834,0.8968178218223908
2018-04-06,1.4364809909338523,0.9084883888264111
2018-04-09,1.465484938576316,0.9213832950019631
2018-04-10,1.5581195721026042,0.9625678579674275
2018-04-11,1.4791233343414198,0.9250044746733486
2018-04-12,1.3866502453372809,0.8903155646688102
2018-04-13,1.4223631446423568,0.9268933062647505
2018-04-16,1.4655769672852361,0.9711536174901496
2018-04-17,1.5189321807215044,1.0258009087446744
2018-04-18,1.417410064723295,0.921820279965882
2018-04-19,1.5759563530858742,0.9939974980815118
2018-04-20,1.5759563530858742,0.9939974980815118
2018-04-23,1.5759563530858733,0.9939974980815115
2018-04-24,1.5759563530858742,0.9939974980815118
2018-04-25,1.5759563530858736,0.9939974980815117
2018-04-26,1.5759563530858736,0.9939974980815117
2018-04-27,1.5759563530858733,0.9939974980815115
2018-04-30,1.5759563530858742,0.9939974980815118
2018-05-01,1.5759563530858736,0.9939974980815117
2018-05-02,1.5759563530858736,0.9939974980815117
2018-05-03,1.5759563530858733,0.9939974980815115
2018-05-04,1.5759563530858742,0.9939974980815118
2018-05-07,1.575956353085873,0.9939974980815114
2018-05-08,1.5759563530858738,0.993997498081511
2018-05-09,1.552986512524084,0.9829800899165059
2018-05-10,1.5949512335054474,1.0021036527060614
2018-05-11,1.6414195291942262,1.023279520185857
2018-05-14,1.6180813887949483,1.0126441964453454
2018-05-15,1.5836394807739391,0.9982447546738502
2018-05-16,1.6778426966292121,1.0299775280898864
2018-05-17,1.748448900580731,1.0590906834764477
2018-05-18,1.7204610951008632,1.0475504322766565
2018-05-21,1.7651074589127664,1.0633375474083426
2018-05-22,2.085613415710503,1.1766696087084434
2018-05-23,2.24736842105263,1.245175438596491
2018-05-24,,
2018-05-25,,
2018-05-29,,
2018-05-30,,
2018-05-31,,
2018-06-01,,
2018-06-04,,
2018-06-05,,
2018-06-06,,
2018-06-07,,
2018-06-08,,
2018-06-11,,
2018-06-12,,
2018-06-13,,
2018-06-14,,
2018-06-15,,
2018-06-18,,
2018-06-19,,
2018-06-20,,
2018-06-21,,
2018-06-22,,
2018-06-25,,
2018-06-26,,
2018-06-27,,
2018-06-28,,
2018-06-29,,
2018-07-02,,
2018-07-03,,
2018-07-05,,
2018-07-06,,
2018-07-09,,
2018-07-10,,
2018-07-11,,
2018-07-12,,
2018-07-13,,
2018-07-16,,
2018-07-17,,
2018-07-18,,
2018-07-19,,
2018-07-20,,
2018-07-23,,
2018-07-24,,
2018-07-25,,
2018-07-26,,
2018-07-27,,
2018-07-30,,
2018-07-31,,
2018-08-01,,
2018-08-02,,
2018-08-03,,
2018-08-06,,
2018-08-07,,
2018-08-08,,
2018-08-09,,
2018-08-10,,
2018-08-13,,
2018-08-14,,
2018-08-15,,
2018-08-16,,
2018-08-17,,
2018-08-20,,
2018-08-21,,
2018-08-22,,
2018-08-23,,
2018-08-24,,
2018-08-27,,
2018-08-28,,
2018-08-29,,
2018-08-30,,
2018-08-31,,
2018-09-04,,
2018-09-05,,
2018-09-06,,
2018-09-07,,
2018-09-10,,
2018-09-11,,
2018-09-12,,
2018-09-13,,
2018-09-14,,
2018-09-17,,
2018-09-18,12.85714285714288,10.785714285714306
2018-09-19,12.750000000000005,10.687500000000009
2018-09-20,12.00000000000003,10.000000000000023
2018-09-21,2.769230769230759,2.2307692307692237
2018-09-24,3.666666666666659,2.986111111111107
2018-09-25,3.6101694915254225,2.9449152542372876
2018-09-26,3.562499999999997,2.9101562499999987
2018-09-27,3.521739130434777,2.880434782608692
2018-09-28,3.1621621621621583,2.6182432432432403
2018-10-01,2.128440366972476,1.792048929663608
2018-10-02,2.1284403669724754,1.7920489296636088
2018-10-03,2.0111731843575376,1.6983240223463658
2018-10-04,1.912596401028278,1.6195372750642674
2018-10-05,1.8285714285714276,1.5523809523809515
2018-10-08,1.7560975609756093,1.4944567627494458
2018-10-09,1.692946058091285,1.4439834024896259
2018-10-10,1.6374269005847966,1.399610136452243
2018-10-11,1.5882352941176465,1.3602941176470584
2018-10-12,1.5443478260869585,1.3252173913043495
2018-10-15,1.5049504950495056,1.2937293729372943
2018-10-16,1.4693877551020413,1.2653061224489799
2018-10-17,1.4371257485029927,1.2395209580838316
2018-10-18,1.4077253218884127,1.2160228898426328
2018-10-19,1.3808219178082197,1.1945205479452055
2018-10-22,1.3561103810775297,1.1747700394218137
2018-10-23,1.6666666666666676,1.4229797979798
2018-10-24,1.6666666666666676,1.4214975845410638
2018-10-25,1.6666666666666674,1.4201388888888886
2018-10-26,1.6666666666666659,1.4188888888888886
2018-10-29,1.6666666666666687,1.4177350427350444
2018-10-30,1.6666666666666667,1.4166666666666679
2018-10-31,1.666666666666668,1.4513888888888908
2018-11-01,1.666666666666668,1.4513888888888908
2018-11-02,1.666666666666668,1.4513888888888908
2018-11-05,1.666666666666668,1.4513888888888908
2018-11-06,1.6666666666666676,1.4513888888888906
2018-11-07,1.6666666666666676,1.4513888888888906
2018-11-08,1.6666666666666676,1.4513888888888906
2018-11-09,1.6421052631578956,1.4315789473684222
2018-11-12,3.7929759704251316,3.1663585951940805
2018-11-13,0.3376539017981041,0.2659364020195457
2018-11-14,0.24784675212444154,0.18473282442748062
2018-11-15,0.28046559280550964,0.21422676304855137
2018-11-16,0.24292828685258927,0.1653635458167328
2018-11-19,0.21695495422506686,0.14257321963866157
2018-11-20,0.05289840229414148,-0.0013783626928855833
2018-11-21,0.7247127554376833,0.4249750716818443
2018-11-23,0.6875246812453814,0.4171335739225292
2018-11-26,0.6785047883380524,0.41457163230205163
2018-11-27,0.6409508971201685,0.403905111323315
2018-11-28,0.6097694149271284,0.3936921612275472
2018-11-29,0.5945230795077485,0.38827404202892435
2018-11-30,0.5974857874929937,0.3891771425521124
2018-12-03,0.6261111271969192,0.3984712047948577
2018-12-04,0.6103888583258539,0.3929047108897705
2018-12-06,0.6137446909570914,0.39393052356782404
2018-12-07,0.6009892086330934,0.38926858513189444
2018-12-10,0.6070504527813706,0.3912477668945973
2018-12-11,0.6134549600912198,0.3933390345876091
2018-12-12,0.6202327400743208,0.39555218723515245
2018-12-13,0.6274174053182909,0.3978982003760405
2018-12-14,0.6045171339563863,0.39042056074766374
2018-12-17,0.6116196678339574,0.39248633040486564
2018-12-18,0.659150792622349,0.406310742516522
2018-12-19,0.6691018606870229,0.4095275723600509
2018-12-20,0.6797854415606491,0.41298119779670517
2018-12-21,0.6912855079441501,0.4166987642432996
2018-12-24,0.7426454637988279,0.4333016291500495
2018-12-26,0.7723552711331632,0.44344755648901224
2018-12-27,0.7723552711331629,0.4434475564890122
2018-12-28,0.7787432543675118,0.4456290588127686
2018-12-31,0.7853111766189272,0.4478720104812506
2019-01-02,0.7920667493781938,0.4501790449758626
2019-01-03,0.7990181311683703,0.452552948439956
2019-01-04,0.8061739604140189,0.4549966709036984
2019-01-07,0.8135433912538662,0.45751333851413395
2019-01-08,0.8211361326090889,0.46010626687703826
2019-01-09,0.8289624908578006,0.46277897563029763
2019-01-10,0.8370334165101746,0.4655352043835053
2019-01-11,0.8453605553287057,0.46837893017558196
2019-01-14,0.8539563043954506,0.47131438662178926
2019-01-15,0.8628338736939415,0.4743460849440129
2019-01-16,0.8720073538491089,0.4774788371040103
2019-01-17,0.8814917907558365,0.4807177812891321
2019-01-18,0.8613277507717422,0.4738317425398292
2019-01-22,0.8870384212886837,0.4822469726416506
2019-01-23,0.9156460973587592,0.49161040704331005
2019-01-24,0.9476696510752235,0.5020918751568906
2019-01-25,0.9837597330367079,0.5139043381535039
2019-01-28,1.0247434435575808,0.5273185100722152
2019-01-29,1.2154120585087413,0.5897252943275063
2019-01-30,1.2154120585087413,0.5897252943275063
2019-01-31,1.2154120585087411,0.5897252943275061
2019-02-01,1.2154120585087413,0.5897252943275063
2019-02-04,1.2154120585087411,0.5897252943275061
2019-02-05,1.2154120585087416,0.5897252943275064
2019-02-06,1.2154120585087416,0.5897252943275066
2019-02-07,1.2383659860888276,0.5974670380492995
2019-02-08,0.9481405224552829,0.4995817784068976
2019-02-11,0.9688411358403682,0.5177666922486568
2019-02-12,0.9579683344261826,0.5305751817934006
2019-02-13,0.9592535316501878,0.5290611805181488
2019-02-14,0.8701439599415821,0.527884414771542
2019-02-15,0.8303203298445929,0.5553969764245696
2019-02-19,0.6207194866988676,0.7002018599956745
2019-02-20,-1.0606847507899963e-15,0.22727272727272657
2019-02-21,,
2019-02-22,,
2019-02-25,,
2019-02-26,,
2019-02-27,,
2019-02-28,,
2019-03-01,,
2019-03-04,,
2019-03-05,,
2019-03-06,,
2019-03-07,,
2019-03-08,,
2019-03-11,,
2019-03-12,,
2019-03-13,,
2019-03-14,,
2019-03-15,,
2019-03-18,,
2019-03-19,,
2019-03-20,0.0,0.0
2019-03-21,0.0,0.0
2019-03-22,0.0,0.0
2019-03-25,0.0,0.0
2019-03-26,0.0,0.0
2019-03-27,0.0,0.0
2019-03-28,0.0,0.0
2019-03-29,0.0,0.0
2019-04-01,0.0,0.0
2019-04-02,0.0,0.0
2019-04-03,0.0,0.0
2019-04-04,0.0,0.0
2019-04-05,-0.02371967654986524,0.02587601078167117
2019-04-08,-0.02371967654986524,0.02587601078167117
2019-04-09,-0.023719676549865235,0.025876010781671167
2019-04-10,-0.02371967654986525,0.025876010781671177
2019-04-11,-0.02371967654986524,0.02587601078167117
2019-04-12,-0.02371967654986524,0.02587601078167117
2019-04-15,-0.023719676549865235,0.025876010781671167
2019-04-16,-0.02371967654986525,0.025876010781671177
2019-04-17,-0.02371967654986524,0.02587601078167117
2019-04-18,-0.02371967654986524,0.02587601078167117
2019-04-22,-0.023719676549865235,0.025876010781671167
2019-04-23,-0.02371967654986525,0.025876010781671177
2019-04-24,-0.02371967654986524,0.02587601078167117
2019-04-25,-0.02371967654986524,0.02587601078167117
2019-04-26,-0.023719676549865235,0.025876010781671167
2019-04-29,-0.02371967654986525,0.025876010781671177
2019-04-30,-0.02371967654986524,0.02587601078167117
2019-05-01,-0.02371967654986524,0.02587601078167117
2019-05-02,-0.023719676549865235,0.025876010781671167
2019-05-03,-0.02371967654986525,0.025876010781671177
2019-05-06,-0.02371967654986524,0.02587601078167117
2019-05-07,-0.02371967654986524,0.02587601078167117
2019-05-08,-0.02371967654986524,0.02587601078167117
2019-05-09,-0.02371967654986524,0.02587601078167117
2019-05-10,-0.023719676549865214,0.025876010781671163
2019-05-13,-0.02371967654986523,0.025876010781671163
2019-05-14,-0.02371967654986524,0.02587601078167117
2019-05-15,-0.02371967654986524,0.02587601078167117
2019-05-16,-0.02371967654986524,0.02587601078167117
2019-05-17,-0.02371967654986524,0.02587601078167117
2019-05-20,-0.023719676549865235,0.025876010781671167
2019-05-21,-0.02371967654986525,0.025876010781671177
2019-05-22,-0.02371967654986524,0.02587601078167117
2019-05-23,-0.02371967654986524,0.02587601078167117
2019-05-24,-0.023719676549865235,0.025876010781671167
2019-05-28,-0.02371967654986525,0.025876010781671177
2019-05-29,-0.02371967654986524,0.02587601078167117
2019-05-30,-0.02371967654986522,0.025876010781671153
2019-05-31,-0.023719676549865235,0.025876010781671156
2019-06-03,-0.02490566037735848,0.027169811320754716
2019-06-04,-0.026216484607745782,0.028599801390268135
2019-06-05,-0.02767295597484276,0.030188679245283016
2019-06-06,-0.029300776914539414,0.03196448390677027
2019-06-07,-0.03113207547169813,0.033962264150943396
2019-06-10,-0.03320754716981133,0.03622641509433963
2019-06-11,-0.035579514824797834,0.03881401617250674
2019-06-12,-0.038316400580551524,0.041799709724238056
2019-06-13,-0.041509433962264156,0.04528301886792454
2019-06-14,-0.04528301886792454,0.04939965694682675
2019-06-17,-0.049811320754716976,0.054339622641509426
2019-06-18,,
2019-06-19,,
2019-06-20,,
2019-06-21,,
2019-06-24,,
2019-06-25,,
2019-06-26,,
2019-06-27,,
2019-06-28,,
2019-07-01,,
2019-07-02,,
2019-07-03,,
2019-07-05,,
2019-07-08,,
2019-07-09,,
2019-07-10,,
2019-07-11,,
2019-07-12,,
2019-07-15,3.4233128834355813,2.3895705521472386
2019-07-16,3.6883852691218175,2.5991501416430633
2019-07-17,3.482926829268292,2.4682926829268297
2019-07-18,3.6873661670235616,2.598501070663816
2019-07-19,2.2189866045428093,1.4557367501456042
2019-07-22,2.3436451733134547,1.544726052925829
2019-07-23,2.380797951781521,1.5624706635374428
2019-07-24,2.302923564635435,1.5540096278032172
2019-07-25,2.1164021164021154,1.451499118165784
2019-07-26,2.004797880339432,1.3871961044076058
2019-07-29,2.004797880339431,1.3871961044076053
2019-07-30,1.971859507017667,1.3682180015362062
2019-07-31,1.8691875319366384,1.309061488673139
2019-08-01,1.8691875319366384,1.309061488673139
2019-08-02,1.8691875319366376,1.309061488673139
2019-08-05,1.8691875319366384,1.309061488673139
2019-08-06,1.8691875319366384,1.309061488673139
2019-08-07,1.8691875319366384,1.309061488673139
2019-08-08,1.8691875319366376,1.309061488673139
2019-08-09,1.8691875319366384,1.309061488673139
2019-08-12,1.8691875319366384,1.309061488673139
2019-08-13,1.8691875319366384,1.309061488673139
2019-08-14,1.8691875319366376,1.309061488673139
2019-08-15,1.8691875319366384,1.309061488673139
2019-08-16,1.8691875319366384,1.309061488673139
2019-08-19,1.8691875319366384,1.309061488673139
2019-08-20,1.8691875319366376,1.309061488673139
2019-08-21,1.8410270054543043,1.2928362378608493
2019-08-22,1.8141710795620687,1.2773626587830162
2019-08-23,1.8550200038102502,1.300898583857243
2019-08-26,1.8122116689280874,1.2775667118950707
2019-08-27,1.6903203582500848,1.211132162131128
2019-08-28,1.67016398976119,1.1994599308036349
2019-08-29,1.6508024044559666,1.1882479457342976
2019-08-30,1.6321895027176134,1.1774695113707048
2019-09-03,1.6142826825127337,1.1670999575551786
2019-09-04,1.5970425138632158,1.1571164510166354
2019-09-05,1.5804324490108888,1.1474978275315653
2019-09-06,1.5644185637910697,1.1382244421575762
2019-09-09,1.5489693263635478,1.129278035309203
2019-09-10,1.5340553899832785,1.1206416127547176
2019-09-11,1.5196494069451747,1.1122993378745312
2019-09-12,1.505725861221048,1.1042364347439164
2019-09-13,1.4922609176340507,1.0964391007923344
2019-09-16,1.4312388117196544,1.061102173075617
2019-09-17,1.431238811719654,1.0611021730756167
2019-09-18,1.4312388117196535,1.061102173075617
2019-09-19,1.37216251170673,1.0268920305043927
2019-09-20,1.37216251170673,1.0268920305043927
2019-09-23,1.3721625117067286,1.0268920305043918
2019-09-24,1.372162511706726,1.0268920305043914
2019-09-25,1.3832453377444414,1.0333099181980911
2019-09-26,1.2971254836926496,0.9834392850562017
2019-09-27,1.3470160116448313,1.0036632702571553
2019-09-30,1.2935821574874797,0.9752693066302505
2019-10-01,1.2348831606841697,0.951055970448886
2019-10-02,1.230087726917399,0.9582935232635578
2019-10-03,1.224439610328196,0.9668179955231888
2019-10-04,1.2289006540018712,0.9600851240527373
2019-10-07,1.1570469798657754,0.9350111856823283
2019-10-08,1.1632551173240142,0.9291479447495423
2019-10-09,1.1510025917337352,0.9252262083390183
2019-10-10,1.0568421052631571,0.8950877192982448
2019-10-11,0.9154194222067541,0.9487759600881791
2019-10-14,0.7851851851851923,0.8407407407407469
2019-10-15,1.370370370370372,1.4259259259259278
2019-10-16,2.199999999999995,2.166666666666664
2019-10-17,1.1999999999999664,1.2499999999999705
2019-10-18,1.7368421052632137,1.697368421052682
2019-10-21,1.7368421052631626,1.697368421052637
2019-10-22,1.6666666666666172,1.638888888888846
2019-10-23,2.294117647058824,2.1617647058823546
2019-10-24,2.294117647058824,2.1617647058823546
2019-10-25,2.294117647058824,2.1617647058823546
2019-10-28,2.294117647058824,2.1617647058823546
2019-10-29,2.294117647058829,2.161764705882359
2019-10-30,2.294117647058829,2.161764705882359
2019-10-31,2.294117647058829,2.1617647058823586
2019-11-01,2.2941176470588265,2.1617647058823564
2019-11-04,2.294117647058829,2.161764705882359
2019-11-05,2.294117647058829,2.161764705882359
2019-11-06,2.294117647058829,2.1617647058823586
2019-11-07,2.2941176470588265,2.1617647058823564
2019-11-08,2.294117647058827,2.161764705882357
2019-11-11,2.294117647058856,2.161764705882382
2019-11-12,2.294117647058826,2.1617647058823564
2019-11-13,2.250000000000002,2.1250000000000018
2019-11-14,2.200000000000084,2.0833333333334094
2019-11-15,1.2857142857143222,1.3214285714286043
2019-11-18,4.285714285714314,4.071428571428597
2019-11-19,-0.07115902964959571,0.0776280323450135
2019-11-20,-0.07663280116110305,0.08359941944847611
2019-11-21,-0.08301886792452831,0.09056603773584908
2019-11-22,-0.09056603773584908,0.0987993138936535
2019-11-25,-0.09962264150943395,0.10867924528301885
2019-11-26,,
2019-11-27,,
2019-11-29,,
2019-12-02,,
2019-12-03,,
2019-12-04,,
2019-12-05,,
2019-12-06,,
2019-12-09,,
2019-12-10,,
2019-12-11,,
2019-12-12,,
2019-12-13,,
2019-12-16,,
2019-12-17,,
2019-12-18,-0.05534591194968556,0.060377358490566066
2019-12-19,-0.049811320754716976,0.054339622641509426
2019-12-20,-0.04528301886792453,0.04939965694682676
2019-12-23,-0.04150943396226417,0.04528301886792455
2019-12-24,-0.03831640058055152,0.04179970972423802
2019-12-26,-0.035579514824797834,0.03881401617250674
2019-12-27,-0.033207547169811315,0.03622641509433962
2019-12-30,-0.031132075471698138,0.0339622641509434
2019-12-31,-0.029300776914539403,0.03196448390677026
2020-01-02,-0.027672955974842775,0.030188679245283033
2020-01-03,-0.026216484607745772,0.02859980139026812
2020-01-06,-0.04981132075471701,0.05433962264150944
2020-01-07,-0.04981132075471701,0.05433962264150944
2020-01-08,-0.04981132075471701,0.05433962264150944
2020-01-09,-0.04981132075471701,0.05433962264150944
2020-01-10,-0.04981132075471701,0.05433962264150944
2020-01-13,-0.023719676549865235,0.025876010781671167
2020-01-14,5.428571428571439,5.023809523809532
2020-01-15,8.727272727272743,7.772727272727287
2020-01-16,-0.0054799525070780624,-0.1365421499680334
2020-01-17,-0.16608598369825803,-0.26501518299504556
2020-01-21,0.0426851294400965,-0.1359973911298414
2020-01-22,0.21386527141922826,-0.04534554174841941
2020-01-23,0.19187418548131455,-0.056991358763927545
2020-01-24,0.24621621621621612,-0.03498468468468465
2020-01-27,0.2702818637008844,-0.02523891601283233
2020-01-28,0.28386077493656053,-0.019739918830112557
2020-01-29,0.2925811654161699,-0.016208457297791842
2020-01-30,0.298654895229679,-0.013748803312770131
2020-01-31,0.30312811243498466,-0.011937302494866396
2020-02-03,0.30655980287345846,-0.01054758459144915
2020-02-04,0.3092757922026358,-0.009447701293721735
2020-02-05,0.3114788337686786,-0.008555544392861044
2020-02-06,0.313301704021142,-0.007817343943002817
2020-02-07,0.31483499377334995,-0.0071964137460712825
2020-02-10,0.3161426293474634,-0.0066668658159558455
2020-02-11,0.3172710106770853,-0.00620990975777626
2020-02-12,0.3182546324398295,-0.005811576400387427
2020-02-13,0.31911967219754556,-0.005461264721633433
2020-02-14,0.3198863545927706,-0.005150784429199752
2020-02-18,0.32057055247986416,-0.004873707556963878
2020-02-19,0.3211848976570159,-0.004624918656311843
2020-02-20,0.32173956792272207,-0.0044002960650364
2020-02-21,0.32224285540146946,-0.004196481754765444
2020-02-24,0.32270158391790404,-0.004010712308620241
2020-02-25,0.3318446482106109,-0.00030808225865537473
2020-02-26,0.29683054188537694,0.005383154495528677
2020-02-27,0.3595868989337919,0.004314541296758321
2020-02-28,0.24682338225019512,0.025974907344071714
2020-03-02,0.16422370580024548,0.024132115299095185
2020-03-03,0.18638568148990825,0.02465670230840568
2020-03-04,-0.13737747021017005,0.02243710857983398
2020-03-05,-0.05275545920050216,0.02467141254444592
2020-03-06,-0.31963231716891427,0.021112032062848955
2020-03-09,-0.32437658651711854,0.020977242372386167
2020-03-10,-0.3394805140600042,0.020548123878292093
2020-03-11,-0.3445592062517984,0.020403832882514853
2020-03-12,-0.34977792875492436,0.020255563478065064
2020-03-13,-0.31071851151609253,0.021291780658974666
2020-03-16,-0.2889075695614065,0.021812011938345786
2020-03-17,-0.30189752083360494,0.02147419762907705
2020-03-18,-0.3398139919320921,0.02043644480529374
2020-03-19,-0.3441638563666936,0.020309543057248712
2020-03-20,-0.34861609181633746,0.020179654765380695
2020-03-23,-0.3531743551573208,0.020046673244986876
2020-03-24,-0.3578424795384411,0.019910486668839027
2020-03-25,-0.36262448513162987,0.019770977753547407
2020-03-26,-0.3654169636493228,0.01967450700879068
2020-03-27,-0.286047381346138,0.0216651654047343
2020-03-30,-0.08892885768578096,0.025087753380515384
2020-03-31,-0.07363212101103178,0.0247878329866809
2020-04-01,-0.05519529453747409,0.02269548313461094
2020-04-02,-0.06407103229703066,0.02885764898538633
2020-04-03,-0.07926046749416606,0.028960299049732262
2020-04-06,-0.06761238786908408,0.029073706860152353
2020-04-07,-0.04198060167285016,0.02898800181997117
2020-04-08,-0.12683938614327145,0.030368363075967422
2020-04-09,-0.15027589838947555,0.029051482630713242
2020-04-13,-0.1770323731852295,0.029129645444622296
2020-04-14,-0.2646735582973266,0.02881148057508215
2020-04-15,-0.3026277258124128,0.030670779670012034
2020-04-16,-0.3035121313101101,0.03215631739612497
2020-04-17,-0.1970690169664292,0.039829292941738294
2020-04-20,-0.2874170177686319,0.0440976454538092
2020-04-21,-0.3019152055826206,0.045209408908277064
2020-04-22,-0.29707064725993,0.04728619380758269
2020-04-23,-0.2917595694152053,0.0495629681866421
2020-04-24,-0.28591117622113427,0.05207008108768003
2020-04-27,-0.27943958398251467,0.05484434948128754
2020-04-28,-0.2722395755631807,0.057930878275896415
2020-04-29,-0.2641808357284639,0.061385531534540114
2020-04-30,-0.25509999306552256,0.06527834397670573
2020-05-01,-0.24478942887047372,0.06969831842996126
2020-05-04,-0.23298120935874067,0.07476031383515512
2020-05-05,-0.21932346777908263,0.08061516985750952
2020-05-06,-0.2033447457407603,0.08746499319103487
2020-05-07,-0.18439846703211335,0.0955869607470577
2020-05-08,-0.16157330773509918,0.10537174255683843
2020-05-11,-0.1335422386054679,0.1173882148959472
2020-05-12,-0.0982949819794845,0.13249815174198312
2020-05-13,-0.05263331807623519,0.15207257891468998
2020-05-14,0.10305032874988712,0.18631722582879742
2020-05-15,0.21793718432918274,0.21930790225462843
2020-05-18,0.35093174773240127,0.27229135909442526
2020-05-19,0.5081040625376277,0.3359494954980051
2020-05-20,0.6377977165263518,0.3663049244608463
2020-05-21,0.6024016930872167,0.3620038018268209
2020-05-22,0.1815734452081936,0.16275264085709987
2020-05-26,0.15667145596427776,0.13595885655074422
2020-05-27,0.09565051338495938,0.10879047372500845
2020-05-28,0.16201666719259253,0.09492547519586401
2020-05-29,0.1407007368086646,0.09940255987210868
2020-06-01,0.3013113262720121,0.15225810643966453
2020-06-02,0.3810549394948774,0.16792947393571428
2020-06-03,0.4168498677425384,0.17353514842226192
2020-06-04,0.4168298038916151,0.17353396093108514
2020-06-05,0.43478535737298335,0.17459667124603354
2020-06-08,0.42493149266410635,0.17166337153891745
2020-06-09,0.41914351839597525,0.17643294368808873
2020-06-10,0.4749750326313277,0.18688825186529337
2020-06-11,0.5217352289196716,0.19740311090152204
2020-06-12,0.4140816271624201,0.18814289685849306
2020-06-15,0.45628173351192386,0.19786247958597922
2020-06-16,0.3206694185894211,0.17273843072802014
2020-06-17,0.32066941858942144,0.17273843072802025
2020-06-18,0.32066941858942094,0.1727384307280201
2020-06-19,0.3506501055034398,0.17883053223755352
2020-06-22,0.30492260361766615,0.16891510928888445
2020-06-23,0.17304569406708234,0.14477668992599646
2020-06-24,0.1754530982273435,0.15213578730314117
2020-06-25,0.22211110576783838,0.17676793172041477
2020-06-26,0.1503645104521488,0.14860157945237634
2020-06-29,0.15177014982422996,0.14804047049557242
2020-06-30,0.12829538668371188,0.14428329497155623
2020-07-01,0.09713255528680258,0.1423341186428428
2020-07-02,0.13133324902667687,0.1312312063881606
2020-07-06,0.09781306383172235,0.12391007661518855
2020-07-07,0.08943641517834797,0.12219334954349355
2020-07-08,0.1562604253203636,0.1358883953782987
2020-07-09,0.21215077317321013,0.14846991215857552
2020-07-10,0.21215077317320963,0.14846991215857533
2020-07-13,0.022903305448219457,0.10739070355846218
2020-07-14,0.09770541681004023,0.09889617327996811
2020-07-15,0.15925228840931088,0.11246598663442559
2020-07-16,0.1592522884093109,0.1124659866344256
2020-07-17,0.15925228840931094,0.11246598663442561
2020-07-20,0.15925228840931097,0.11246598663442563
2020-07-21,0.15925228840931088,0.11246598663442559
2020-07-22,0.15925228840931097,0.11246598663442561
2020-07-23,0.15925228840931088,0.11246598663442554
2020-07-24,0.15925228840931088,0.11246598663442559
2020-07-27,0.15925228840931097,0.11246598663442561
2020-07-28,0.15925228840931105,0.11246598663442563
2020-07-29,0.15925228840931102,0.11246598663442563
2020-07-30,0.15925228840931097,0.11246598663442561
2020-07-31,0.15925228840931097,0.11246598663442561
2020-08-03,0.15925228840931102,0.11246598663442564
2020-08-04,0.15925228840931088,0.11246598663442554
2020-08-05,0.14092472044151474,0.10832297931535521
2020-08-06,0.1409247204415146,0.10832297931535519
2020-08-07,-0.007554708113293617,0.08073939023681014
2020-08-10,-0.03820051146678443,0.08260051170573157
2020-08-11,-0.038469595688358005,0.08134478533838649
2020-08-12,-0.03366015678333273,0.08095200115715236
2020-08-13,-0.16645260166760842,0.06994353749224853
2020-08-14,-0.1355501203818484,0.08659297886594407
2020-08-17,-0.09816439481075093,0.10730872202894709
2020-08-18,-0.01670766315967322,0.15473293282139675
2020-08-19,0.14606868039103174,0.22897764551825983
2020-08-20,0.5024834437086084,0.3936948123620304
2020-08-21,1.2646532037791631,0.7440726727264593
2020-08-24,0.2739028213166135,0.25315928683385536
2020-08-25,-0.18247965876913358,0.07062081078174746
2020-08-26,-0.3416273732125876,0.032041370965418765
2020-08-27,-0.3152608024860226,0.06733704631747078
2020-08-28,-0.25525422435824124,0.1476650010807235
2020-08-31,0.07973790882336537,0.36540988764876775
2020-09-01,0.3146617692072235,0.5181103968982758
2020-09-02,0.40902140672783105,0.6965468909276268
2020-09-03,1.5498652291105142,1.6134321653189594
2020-09-04,2.984251968503936,2.777559055118111
2020-09-08,2.417322834645673,2.4363517060367497
2020-09-09,7.1052631578947425,6.671052631578957
2020-09-10,7.105263157894762,6.671052631578971
2020-09-11,7.105263157894746,6.6710526315789584
2020-09-14,6.999999999999995,6.583333333333334
2020-09-15,6.88235294117648,6.485294117647068
2020-09-16,6.0000000000000675,5.750000000000064
2020-09-17,9.000000000000034,8.500000000000036
2020-09-18,8.799999999999969,8.333333333333306
2020-09-21,9.428571428571471,8.857142857142899
2020-09-22,9.428571428571502,8.85714285714292
2020-09-23,10.153846153846166,9.46153846153847
2020-09-24,10.153846153846166,9.46153846153847
2020-09-25,10.153846153846166,9.461538461538469
2020-09-28,10.153846153846166,9.461538461538469
2020-09-29,7.153846153846159,6.711538461538466
2020-09-30,7.285714285714291,6.8214285714285765
2020-10-01,7.4000000000000075,6.916666666666674
2020-10-02,6.750000000000003,6.375000000000006
2020-10-05,6.750000000000002,6.375000000000004
2020-10-06,6.750000000000005,6.375000000000007
2020-10-07,6.750000000000006,6.375000000000008
2020-10-08,6.750000000000003,6.375000000000006
2020-10-09,6.750000000000001,6.3750000000000036
2020-10-12,6.750000000000005,6.375000000000007
2020-10-13,6.750000000000006,6.375000000000008
2020-10-14,6.750000000000002,6.375000000000006
2020-10-15,6.750000000000002,6.375000000000004
2020-10-16,6.750000000000006,6.375000000000008
2020-10-19,6.750000000000006,6.375000000000008
2020-10-20,6.750000000000003,6.375000000000006
2020-10-21,6.750000000000001,6.3750000000000036
2020-10-22,6.750000000000005,6.375000000000007
2020-10-23,6.750000000000006,6.375000000000008
2020-10-26,6.750000000000078,6.375000000000072
2020-10-27,6.749999999999963,6.374999999999969
2020-10-28,7.400000000000006,6.916666666666671
2020-10-29,7.4000000000000075,6.916666666666674
2020-10-30,7.4000000000000075,6.916666666666674
2020-11-02,7.4000000000000075,6.916666666666674
2020-11-03,7.4000000000000234,6.916666666666688
2020-11-04,7.40000000000001,6.916666666666676
2020-11-05,7.285714285714293,6.82142857142858
2020-11-06,7.153846153846161,6.71153846153847
2020-11-09,7.0000000000000115,6.583333333333344
2020-11-10,6.818181818181824,6.431818181818186
2020-11-11,6.600000000000014,6.250000000000013
2020-11-12,6.333333333333398,6.027777777777835
2020-11-13,4.5000000000000115,4.500000000000009
2020-11-16,,
2020-11-17,,
2020-11-18,,
2020-11-19,,
2020-11-20,,
2020-11-23,,
2020-11-24,,
2020-11-25,,
2020-11-27,,
2020-11-30,,
2020-12-01,,
2020-12-02,,
2020-12-03,,
2020-12-04,,
2020-12-07,,
2020-12-08,,
2020-12-09,,
2020-12-10,,
2020-12-11,,
2020-12-14,,
2020-12-15,,
2020-12-16,,
2020-12-17,,
2020-12-18,,
2020-12-21,-3.000000000000023,-2.416666666666686
2020-12-22,,
2020-12-23,,
2020-12-24,,
2020-12-28,,
2020-12-29,,
2020-12-30,,
2020-12-31,,
2021-01-04,-2.0000000000000018,-1.500000000000002
2021-01-05,-4.000000000000007,-3.166666666666673
2021-01-06,-4.000000000000004,-3.1666666666666714
2021-01-07,-4.000000000000007,-3.166666666666673
2021-01-08,-4.000000000000007,-3.166666666666673
2021-01-11,-4.000000000000007,-3.166666666666673
2021-01-12,-4.000000000000004,-3.1666666666666714
2021-01-13,-4.000000000000007,-3.166666666666673
2021-01-14,-4.000000000000007,-3.166666666666673
2021-01-15,-4.000000000000007,-3.166666666666673
2021-01-19,-4.000000000000004,-3.1666666666666714
2021-01-20,-4.000000000000007,-3.166666666666673
2021-01-21,-4.000000000000007,-3.166666666666673
2021-01-22,-4.000000000000007,-3.166666666666673
2021-01-25,-4.000000000000004,-3.1666666666666714
2021-01-26,-4.000000000000007,-3.166666666666673
2021-01-27,-4.000000000000007,-3.166666666666673
2021-01-28,-4.000000000000007,-3.166666666666673
2021-01-29,-4.000000000000004,-3.1666666666666714
2021-02-01,-4.000000000000007,-3.166666666666673
2021-02-02,-4.000000000000007,-3.166666666666673
2021-02-03,-4.000000000000007,-3.166666666666673
2021-02-04,-4.000000000000004,-3.1666666666666714
2021-02-05,-4.000000000000007,-3.166666666666673
2021-02-08,-4.000000000000007,-3.166666666666673
2021-02-09,-4.000000000000007,-3.166666666666673
2021-02-10,-4.000000000000004,-3.1666666666666714
2021-02-11,-4.000000000000004,-3.1666666666666714
2021-02-12,-4.000000000000007,-3.166666666666673
2021-02-16,-4.000000000000007,-3.166666666666673
2021-02-17,-4.000000000000004,-3.1666666666666714
2021-02-18,-4.000000000000007,-3.166666666666673
2021-02-19,-4.000000000000007,-3.166666666666673
2021-02-22,-4.000000000000007,-3.166666666666673
2021-02-23,-4.000000000000004,-3.1666666666666714
2021-02-24,-4.000000000000007,-3.166666666666673
2021-02-25,-4.000000000000007,-3.166666666666673
2021-02-26,-4.000000000000007,-3.166666666666673
2021-03-01,-4.000000000000004,-3.1666666666666714
2021-03-02,-4.000000000000007,-3.166666666666673
2021-03-03,-4.000000000000007,-3.166666666666673
2021-03-04,-4.000000000000007,-3.166666666666673
2021-03-05,-4.000000000000004,-3.1666666666666714
2021-03-08,-4.000000000000007,-3.166666666666673
2021-03-09,-4.000000000000007,-3.166666666666673
2021-03-10,-4.000000000000071,-3.1666666666667274
2021-03-11,-3.9999999999999933,-3.1666666666666616
2021-03-12,,
2021-03-15,,
2021-03-16,,
2021-03-17,,
2021-03-18,,
2021-03-19,,
2021-03-22,,
2021-03-23,,
2021-03-24,,
2021-03-25,,
2021-03-26,,
2021-03-29,,
2021-03-30,,
2021-03-31,,
2021-04-01,,
2021-04-05,,
2021-04-06,,
2021-04-07,,
2021-04-08,,
2021-04-09,,
2021-04-12,,
2021-04-13,,
2021-04-14,,
2021-04-15,,
2021-04-16,,
2021-04-19,,
2021-04-20,,
2021-04-21,,
2021-04-22,,
2021-04-23,,
2021-04-26,,
2021-04-27,,
2021-04-28,,
2021-04-29,,
2021-04-30,,
2021-05-03,,
2021-05-04,,
2021-05-05,,
2021-05-06,,
2021-05-07,,
2021-05-10,,
2021-05-11,,
2021-05-12,,
2021-05-13,,
2021-05-14,,
2021-05-17,,
2021-05-18,,
2021-05-19,,
2021-05-20,,
2021-05-21,,
2021-05-24,,
2021-05-25,,
2021-05-26,,
2021-05-27,,
2021-05-28,,
2021-06-01,,
2021-06-02,,
2021-06-03,,
2021-06-04,,
2021-06-07,,
2021-06-08,,
2021-06-09,,
2021-06-10,,
2021-06-11,,
2021-06-14,,
2021-06-15,,
2021-06-16,,
2021-06-17,,
2021-06-18,,
2021-06-21,,
2021-06-22,,
2021-06-23,,
2021-06-24,,
2021-06-25,,
2021-06-28,,
2021-06-29,,
2021-06-30,,
2021-07-01,,
2021-07-02,,
2021-07-06,,
2021-07-07,,
2021-07-08,,
2021-07-09,,
2021-07-12,,
2021-07-13,,
2021-07-14,,
2021-07-15,,
2021-07-16,,
2021-07-19,,
2021-07-20,,
2021-07-21,,
2021-07-22,,
2021-07-23,,
2021-07-26,,
2021-07-27,,
2021-07-28,,
2021-07-29,,
2021-07-30,,
2021-08-02,,
2021-08-03,,
2021-08-04,,
2021-08-05,,
2021-08-06,,
2021-08-09,,
2021-08-10,,
2021-08-11,,
2021-08-12,,
2021-08-13,,
2021-08-16,,
2021-08-17,,
2021-08-18,,
2021-08-19,,
2021-08-20,,
2021-08-23,,
2021-08-24,,
2021-08-25,,
2021-08-26,,
2021-08-27,,
2021-08-30,,
2021-08-31,,
2021-09-01,,
2021-09-02,,
2021-09-03,,
2021-09-07,,
2021-09-08,,
2021-09-09,,
2021-09-10,,
2021-09-13,,
2021-09-14,,
2021-09-15,,
2021-09-16,,
2021-09-17,,
2021-09-20,,
2021-09-21,,
2021-09-22,,
2021-09-23,,
2021-09-24,,
2021-09-27,,
2021-09-28,,
2021-09-29,,
2021-09-30,,
2021-10-01,,
2021-10-04,,
2021-10-05,,
2021-10-06,,
2021-10-07,,
2021-10-08,,
2021-10-11,,
2021-10-12,,
2021-10-13,,
2021-10-14,,
2021-10-15,,
2021-10-18,,
2021-10-19,,
2021-10-20,,
2021-10-21,,
2021-10-22,,
2021-10-25,,
2021-10-26,,
2021-10-27,,
2021-10-28,,
2021-10-29,,
2021-11-01,0.0,0.0
2021-11-02,0.0,0.0
2021-11-03,0.0,0.0
2021-11-04,0.0,0.0
2021-11-05,0.03831640058055152,-0.04179970972423802
2021-11-08,0.923076923076924,0.76923076923077
2021-11-09,0.9230769230769235,0.7692307692307698
2021-11-10,0.9230769230769238,0.7692307692307698
2021-11-11,2.423076923076926,2.144230769230772
2021-11-12,2.3571428571428625,2.089285714285719
2021-11-15,1.5000000000000002,1.3750000000000004
2021-11-16,1.5000000000000002,1.3750000000000004
2021-11-17,1.5,1.3750000000000004
2021-11-18,1.5,1.3750000000000002
2021-11-19,1.5000000000000002,1.3750000000000004
2021-11-22,1.5000000000000002,1.3750000000000004
2021-11-23,1.5,1.3750000000000004
2021-11-24,1.5,1.3750000000000002
2021-11-26,1.5000000000000002,1.3750000000000004
2021-11-29,1.5000000000000002,1.3750000000000004
2021-11-30,1.5,1.3750000000000004
2021-12-01,1.5,1.3750000000000002
2021-12-02,1.5000000000000002,1.3750000000000004
2021-12-03,1.5000000000000002,1.3750000000000004
2021-12-06,1.5,1.3750000000000004
2021-12-07,1.5000000000000018,1.375000000000002
2021-12-08,0.7941176470588248,0.786764705882354
2021-12-09,0.794117647058825,0.7867647058823543
2021-12-10,0.16666666666666682,0.263888888888889
2021-12-13,0.16666666666666682,0.263888888888889
2021-12-14,0.16666666666666682,0.263888888888889
2021-12-15,0.16666666666666624,0.2638888888888886
2021-12-16,0.16666666666666682,0.263888888888889
2021-12-17,0.16666666666666682,0.263888888888889
2021-12-20,0.8684210526315809,0.8486842105263175
2021-12-21,2.9684210526315837,2.7736842105263197
2021-12-22,2.9684210526315837,2.7736842105263197
2021-12-23,2.9684210526315837,2.7736842105263197
2021-12-27,2.9684210526315837,2.7736842105263197
2021-12-28,2.400000000000002,2.300000000000002
2021-12-29,2.400000000000002,2.300000000000002
2021-12-30,2.400000000000002,2.300000000000002
2021-12-31,2.400000000000002,2.300000000000002
2022-01-03,2.400000000000002,2.300000000000002
2022-01-04,2.400000000000002,2.300000000000002
2022-01-05,2.400000000000002,2.3000000000000025
2022-01-06,2.400000000000002,2.300000000000002
2022-01-07,2.4571428571428613,2.3476190476190517
2022-01-10,1.963636363636366,1.9363636363636385
2022-01-11,1.9636363636363647,1.9363636363636372
2022-01-12,1.963636363636368,1.93636363636364
2022-01-13,1.8857142857142923,1.8714285714285777
2022-01-14,1.8857142857142923,1.8714285714285777
2022-01-18,1.8857142857142923,1.8714285714285774
2022-01-19,3.0285714285714347,2.8238095238095307
2022-01-20,-1.4030769230769213,-1.1138461538461528
2022-01-21,-1.7054034048852706,-1.372316802368617
2022-01-24,-1.243243243243243,-0.9774774774774773
2022-01-25,-0.4999999999999999,-0.375
2022-01-26,-0.7775640076957233,-0.5964431947116571
2022-01-27,-0.1750403534109253,-0.17176960326225482
2022-01-28,-0.05050536658635048,-0.0847858059267141
2022-01-31,-0.09380211545930142,-0.11545549387369693
2022-02-01,-0.03366497162650157,-0.07039084186994869
2022-02-02,0.020305574505223193,-0.039688861279540806
2022-02-03,0.05588093543434752,-0.020749483736502962
2022-02-04,0.0833256148800548,-0.007263766212260444
2022-02-07,0.22697920686068837,0.05332825664207542
2022-02-08,0.23344532350709843,0.05709692568910077
2022-02-09,0.28127378402901737,0.07331480512237988
2022-02-10,0.28228371332109353,0.08371608670400944
2022-02-11,0.08487421868513759,0.05443802655976344
2022-02-14,0.4024697915283496,0.15258044527065912
2022-02-15,0.30248793321318357,0.13929456770175191
2022-02-16,0.06426170157745033,0.0684839361138819
2022-02-17,0.09671852707385029,0.07887990579070145
2022-02-18,0.09654013791448297,0.07882368403383444
2022-02-22,0.04713662300055736,0.06325349796581824
2022-02-23,0.019295149957886136,0.05431975200707947
2022-02-24,0.01929514995788614,0.054319752007079475
2022-02-25,0.01929514995788616,0.05431975200707951
2022-02-28,0.019295149957886164,0.054319752007079475
2022-03-01,0.019295149957885928,0.05431975200707939
2022-03-02,0.019295149957886056,0.054319752007079475
2022-03-03,0.018236463980543335,0.05398004183595585
2022-03-04,0.04654717204962626,0.06306435549326717
2022-03-07,0.04654717204962612,0.06306435549326711
2022-03-08,0.0759536624998966,0.07250028278124324
2022-03-09,0.07603678202057104,0.07252695409568051
2022-03-10,0.0761170876291408,0.07255272248462039
2022-03-11,0.07619471983959013,0.07257763303605949
2022-03-14,0.07626980996357069,0.07260172788515835
2022-03-15,0.07634248085159785,0.07262504645207593
2022-03-16,0.04930451888332423,0.06394913037908713
2022-03-17,0.14272710245854947,0.09334917269046851
2022-03-18,0.14169819852898566,0.09301931592284975
2022-03-21,0.1407024219830422,0.09270007947785457
2022-03-22,0.13973819827619519,0.09239095857155502
2022-03-23,0.1928969472267308,0.10943314550043115
2022-03-24,0.18846090144664743,0.10803859631981381
2022-03-25,0.18440580086965172,0.10676380397831924
2022-03-28,0.18068459524030828,0.1055939773988444
2022-03-29,0.1772576761145422,0.10451666496885646
2022-03-30,0.17409146151118485,0.10352130960066035
2022-03-31,0.1711572917467553,0.1025989016175984
2022-04-01,0.16843055945428057,0.10174170526013393
2022-04-04,0.16689370859924743,0.10126712331908701
2022-04-05,0.21717431251900152,0.11725762724328716
2022-04-06,0.24995276587704848,0.1271623441061178
2022-04-07,0.20692991929750812,0.11504277440692741
2022-04-08,0.20280167282787698,0.11379049537966669
2022-04-11,0.2001560394354207,0.1130162895713644
2022-04-12,0.19769129556028767,0.11229571806647945
2022-04-13,0.13428221753796613,0.09223856186579527
2022-04-14,0.07690305927409355,0.07439721112603614
2022-04-18,0.04023440443176823,0.06419751009298198
2022-04-19,0.0034654127210291376,0.055663573821465646
2022-04-20,-0.0030239435276166573,0.05498982479570075
2022-04-21,-0.05732780234307314,0.0482870368451807
2022-04-22,-0.033478905236113576,0.06055010209337484
2022-04-25,-0.049372950346896156,0.06134814302115432
2022-04-26,-0.04367543800350906,0.07989920751319439
2022-04-27,-0.009255527701691869,0.10321848737582454
2022-04-28,0.03847423571175326,0.13555511176140558
2022-04-29,0.10908447857720366,0.18339312180005443
2022-05-02,0.3012121596750652,0.28495377715724235
2022-05-03,0.4332687575265723,0.35365289631219793
2022-05-04,0.6216002613359753,0.5144700745720804
2022-05-05,0.95687926482681,0.7575823150646066
2022-05-06,1.5128819217650054,1.1751578489005015
2022-05-09,1.274669366888532,0.9819216853335994
2022-05-10,1.0681526560838799,0.875316200461927
2022-05-11,1.0329706834980503,0.8708994269578951
2022-05-12,1.0438472418670441,0.8295615275813302
2022-05-13,1.024997923760484,0.8265509509176973
2022-05-16,1.0567198615650817,0.8356085368198414
2022-05-17,1.1484480075951364,0.9001292228170572
2022-05-18,1.2131418534972616,0.9410837896476901
2022-05-19,1.2156676735651697,0.9419327458371821
2022-05-20,1.2180298565148062,0.9427267017730315
2022-05-23,1.2202438054236153,0.9434708346007145
2022-05-24,1.2223230490018138,0.9441696914700533
2022-05-25,1.2242795182844939,0.9448272825345101
2022-05-26,1.226123775715324,0.9454471579487616
2022-05-27,1.1829615616489604,0.9309398582208996
2022-05-31,1.1251462468441462,0.8925265296906743
2022-06-01,1.132195497162339,0.8972101532128969
2022-06-02,1.1394276328258253,0.902015288394718
2022-06-03,1.1468498645217722,0.9069467261206285
2022-06-06,1.1544697870500467,0.9120095124851352
2022-06-07,1.1622954052455137,0.9172089660159075
2022-06-08,1.1703351620282951,0.9225506963107736
2022-06-09,1.178597968788703,0.9280406242259092
2022-06-10,1.1870932383366437,0.933685003767897
2022-06-13,1.195830920671686,0.9394904458598736
2022-06-14,1.204821541859537,0.9454639441716212
2022-06-15,1.2140762463343102,0.9516129032258058
2022-06-16,1.1645171437558977,0.918685121107266
2022-06-17,1.1719088531938733,0.9233345785082803
2022-06-21,1.1797450170587163,0.9282636020829584
2022-06-22,1.1880669646399173,0.9334981883578838
2022-06-23,1.1969213133546204,0.9390676601435619
2022-06-24,1.2063608424732828,0.9450052161163887
2022-06-27,1.2164455459979577,0.9513485930893708
2022-06-28,1.2272439090662057,0.9581408688826485
2022-06-29,1.238834465274951,0.9654314418954013
2022-06-30,1.1581272945839691,0.9146658435946584
2022-07-01,1.0965629009386175,0.8833648457019371
2022-07-05,1.077514920543611,0.864330912490113
2022-07-06,1.0683052943160096,0.8597924238450296
2022-07-07,1.0582850884055703,0.854854482866531
2022-07-08,1.0473423626171288,0.8494619256107045
2022-07-11,1.097881101484087,0.874367332933002
2022-07-12,1.2147768639611696,0.9459574850568511
2022-07-13,1.229494614747307,0.9553990610328634
2022-07-14,1.244941276354889,0.9653082401773503
2022-07-15,1.2611723737666856,0.9757206422905782
2022-07-18,1.2782492184010712,0.9866755992258442
2022-07-19,1.1990217059003323,0.9358504025272574
2022-07-20,1.3468332615252048,1.0269280482550625
2022-07-21,1.4737308800709377,1.1081800044336068
2022-07-22,1.473730880070937,1.1081800044336063
2022-07-25,1.4737308800709403,1.1081800044336085
2022-07-26,1.4737308800709348,1.1081800044336045
2022-07-27,1.2800894591254175,1.0044435289270774
2022-07-28,1.9294794188862028,1.5139981840193744
2022-07-29,3.432415118513775,2.6332479180012833
2022-08-01,3.4062927496580095,2.6176470588235343
2022-08-02,3.5348495964783617,2.6944240645634663
2022-08-03,2.800000000000004,2.16666666666667
2022-08-04,2.5263157894736916,1.9736842105263208
2022-08-05,2.585987261146507,1.9755838641189036
2022-08-08,0.9426751592356685,0.7940552016985136
2022-08-09,0.5087719298245559,0.4576023391812825
2022-08-10,-0.06896551724137583,0.07471264367816356
2022-08-11,-1.2142857142857195,-0.827380952380956
2022-08-12,-1.1428571428571448,-0.761904761904763
2022-08-15,-1.047619047619047,-0.6746031746031742
2022-08-16,-0.9142857142857178,-0.5523809523809549
2022-08-17,-0.7142857142857125,-0.3690476190476176
2022-08-18,-0.3809523809523804,-0.06349206349206304
2022-08-19,,
2022-08-22,,
2022-08-23,,
2022-08-24,,
2022-08-25,-0.05534591194968556,0.060377358490566066
2022-08-26,-0.049811320754716976,0.054339622641509426
2022-08-29,-0.04528301886792453,0.04939965694682676
2022-08-30,-0.04150943396226417,0.04528301886792455
2022-08-31,-0.07663280116110303,0.08359941944847604
2022-09-01,-0.07663280116110303,0.08359941944847604
2022-09-02,-2.923076923076922,-2.525641025641024
2022-09-06,-3.565217391304351,-3.094202898550727
2022-09-07,0.6557377049180336,0.30601092896174903
2022-09-08,0.5751391465677186,0.21923314780457678
2022-09-09,0.7710575139146573,0.3661719233147807
2022-09-12,0.8047808764940249,0.4444274185310046
2022-09-13,0.4839802031779113,0.3193974125206218
2022-09-14,0.19940996788763313,0.1884317155314207
2022-09-15,0.19940996788763313,0.1884317155314207
2022-09-16,0.19940996788763313,0.1884317155314207
2022-09-19,0.19940996788763313,0.1884317155314207
2022-09-20,0.19940996788763313,0.1884317155314207
2022-09-21,0.19940996788763313,0.1884317155314207
2022-09-22,0.19940996788763313,0.1884317155314207
2022-09-23,0.20473189870407824,0.19088098918083474
2022-09-26,-0.01034776344226841,0.09189643504267926
2022-09-27,-0.01034776344226841,0.09189643504267926
2022-09-28,-0.01034776344226841,0.09189643504267926
2022-09-29,-0.01034776344226841,0.09189643504267926
2022-09-30,-0.01034776344226841,0.09189643504267926
2022-10-03,-0.01034776344226841,0.09189643504267926
2022-10-04,-0.01034776344226841,0.09189643504267926
2022-10-05,-0.01034776344226841,0.09189643504267926
2022-10-06,-0.01034776344226841,0.09189643504267926
2022-10-07,-0.01034776344226841,0.09189643504267926
2022-10-10,-0.01034776344226841,0.09189643504267926
2022-10-11,-0.01034776344226841,0.09189643504267926
2022-10-12,-0.010347763442268445,0.09189643504267925
2022-10-13,-0.010347763442268466,0.09189643504267925
2022-10-14,-0.010347763442268496,0.09189643504267922
2022-10-17,-0.010347763442268466,0.09189643504267925
2022-10-18,-0.010347763442268466,0.09189643504267925
2022-10-19,-0.010347763442268496,0.09189643504267922
2022-10-20,-0.010347763442268449,0.09189643504267926
2022-10-21,-0.010347763442268522,0.09189643504267922
2022-10-24,-0.010347763442268077,0.09189643504267948
2022-10-25,-0.003430531732418282,0.09519725557461418
2022-10-26,-0.003430531732418419,0.09519725557461411
2022-10-27,-0.0034305317324183973,0.09519725557461411
2022-10-28,-0.0034305317324184706,0.09519725557461407
2022-10-31,-0.07165999618829798,0.0626389682993457
2022-11-01,-0.08068635798022084,0.05833169602899151
2022-11-02,-0.017706291815908295,0.08838503300218532
2022-11-03,-0.017706291815908402,0.08838503300218527
2022-11-04,-0.017706291815908437,0.08838503300218528
2022-11-07,-0.017706291815908437,0.08838503300218528
2022-11-08,-0.017706291815908444,0.08838503300218524
2022-11-09,-0.017706291815908277,0.08838503300218532
2022-11-10,-0.017706291815908454,0.08838503300218527
2022-11-11,-0.01770629181590852,0.08838503300218523
2022-11-14,-0.017706291815908607,0.08838503300218516
2022-11-15,-0.025549738219895198,0.08464223385689358
2022-11-16,-0.03392766909694631,0.08064438509107545
2022-11-17,-0.04289664449592678,0.07636449692349863
2022-11-18,-0.052521496630257826,0.07177163219459305
2022-11-21,-0.06287689957385216,0.0668301573262577
2022-11-22,-0.07404931048892446,0.06149881599108601
2022-11-23,0.0073087966588321705,0.10032193509092285
2022-11-25,0.007308796658835494,0.1003219350909247
2022-11-28,-0.2361238883777997,-0.0074108146785247546
2022-11-29,-0.945548833189282,-0.2932255010906689
2022-11-30,-1.0279627163781633,-0.3503265487286795
2022-12-01,-0.8600957902697249,-0.15897823712293083
2022-12-02,-0.48113207547169823,0.11871069182389914
2022-12-05,,
2022-12-06,,
2022-12-07,,
2022-12-08,,
2022-12-09,,
2022-12-12,,
2022-12-13,,
2022-12-14,,
2022-12-15,,
2022-12-16,,
2022-12-19,,
2022-12-20,,
2022-12-21,,
2022-12-22,,
2022-12-23,,
2022-12-27,,
2022-12-28,,
2022-12-29,,
2022-12-30,,
2023-01-03,,
2023-01-04,,
2023-01-05,,
2023-01-06,,
2023-01-09,,
2023-01-10,,
2023-01-11,,
2023-01-12,,
2023-01-13,,
2023-01-17,,
2023-01-18,,
2023-01-19,,
2023-01-20,,
2023-01-23,,
2023-01-24,,
2023-01-25,,
2023-01-26,,
2023-01-27,,
2023-01-30,,
2023-01-31,,
2023-02-01,,
2023-02-02,,
2023-02-03,,
2023-02-06,,
2023-02-07,,
2023-02-08,1.0599149594124468,0.4250096637031311
2023-02-09,1.0793388429752064,0.43787878787878787
2023-02-10,1.0900920179756042,0.44500320992938147
2023-02-13,0.8848845346396079,0.3090447865640308
2023-02-14,0.689617714643827,0.20910800083559647
2023-02-15,0.7941875511659231,0.2626264293448123
2023-02-16,0.7950550577935847,0.26320304128764577
2023-02-17,0.7957139132353236,0.2636409675284302
2023-02-21,0.7962313132217348,0.26398487154238653
2023-02-22,0.7966483969539703,0.2642620976217039
2023-02-23,0.7969917608737312,0.26449032381682336
2023-02-24,0.7972793629727936,0.26468148639681494
2023-02-27,0.8541878029534439,0.30250723330703044
2023-02-28,0.79642411430609,0.28561665350754345
2023-03-01,0.4668463361367968,0.1892453882254543
2023-03-02,0.5148654542334671,0.20620976794400356
2023-03-03,0.46754741348996104,0.18975199425433106
2023-03-06,0.4292809661385103,0.1764424717017861
2023-03-07,0.2529926557896124,0.11512731430581812
2023-03-08,0.24896093745956316,0.11367490842964827
2023-03-09,0.24508119436032264,0.11227725085189329
2023-03-10,0.20809899697114193,0.09895460368148307
2023-03-13,0.20809899697114204,0.09895460368148314
2023-03-14,0.20809899697114204,0.09895460368148314
2023-03-15,0.20809899697114204,0.09895460368148314
2023-03-16,0.20809899697114193,0.09895460368148307
2023-03-17,0.20809899697114204,0.09895460368148314
2023-03-20,0.20809899697114204,0.09895460368148314
2023-03-21,0.2051023554226596,0.0978750789137552
2023-03-22,0.20221262687356295,0.09683406900640074
2023-03-23,0.2309221617588493,0.10717653188599029
2023-03-24,0.22231776501765455,0.10412550128758062
2023-03-27,0.21450649701407432,0.10135570598314045
2023-03-28,0.20738352674393995,0.09882997397665415
2023-03-29,0.20086171817654877,0.09651740772772531
2023-03-30,0.1948680478921936,0.09439211388268498
2023-03-31,0.18934085915508236,0.09243222959708776
2023-04-03,0.18422773310972854,0.09061916768384388
2023-04-04,0.14177623293536823,0.07556630228535918
2023-04-05,0.16279740877474055,0.08318655694094781
2023-04-06,0.15902379656022797,0.08184885074037297
2023-04-10,0.15550140720351963,0.08060020042458635
2023-04-11,0.1522059616698429,0.07943199932880278
2023-04-12,0.14911621183048226,0.07833671521284553
2023-04-13,0.14621348181761867,0.07730772767621713
2023-04-14,0.14348129021681222,0.07633919422927173
2023-04-17,0.14090503694895098,0.07542593929612956
2023-04-18,0.13847174227780548,0.07456336169557515
2023-04-19,0.10798065478432489,0.06375458896438815
2023-04-20,0.10739013073602753,0.06353903629344906
2023-04-21,0.0902009505216035,0.05726465387472307
2023-04-24,0.09062706024306191,0.05742019214422837
2023-04-25,0.07414159372033806,0.05140267880011451
2023-04-26,0.04577185815266053,0.041345903217398235
2023-04-27,0.00867136185679316,0.028764330935407017
2023-04-28,-0.03328773197009249,0.015560044110792424
2023-05-01,-0.07347117247795983,0.004745936653625538
2023-05-02,-0.10200447019035988,0.0005059309548125482
2023-05-03,-0.10324104851957863,0.00214659714629497
2023-05-04,-0.10460814459537304,0.003960431546482897
2023-05-05,-0.10612757340862973,0.005976377827742123
2023-05-08,-0.10782629839055971,0.008230210505077676
2023-05-09,-0.12001335955765005,0.024399747652799994
2023-05-10,-0.08925530961555685,0.04337306210233894
2023-05-11,-0.12165752727683862,0.02338553149791775
2023-05-12,-0.09868807519091422,0.04092422165654988
2023-05-15,-0.06732031189685786,0.06487557579968604
2023-05-16,-0.021917808219178034,0.09954337899543376
2023-05-17,0.04965315808689319,0.15419252768650377
2023-05-18,0.17917592750897612,0.25309169658631114
2023-05-19,0.4849181269750063,0.48654601168246586
2023-05-22,0.8553459119496839,0.7693920335429759
2023-05-23,1.8429319371727746,1.58522396742292
2023-05-24,1.696969696969715,1.46464646464648
2023-05-25,1.5578947368420994,1.371929824561399
2023-05-26,2.318840579710167,2.0193236714976033
2023-05-30,4.000000000000007,3.4496124031007813
2023-05-31,0.7058823529411791,0.6470588235294139
2023-06-01,0.70588235294118,0.6470588235294148
2023-06-02,0.7058823529413135,0.6470588235295266
2023-06-05,2.705882352941182,2.313725490196082
2023-06-06,2.7058823529411766,2.3137254901960778
2023-06-07,2.705882352941179,2.31372549019608
2023-06-08,2.7058823529411797,2.3137254901960804
2023-06-09,2.705882352941182,2.313725490196082
2023-06-12,2.7058823529411438,2.3137254901960502
2023-06-13,2.705882352941217,2.313725490196112
2023-06-14,3.105882352941151,2.6470588235293917
2023-06-15,3.705882352941154,3.147058823529393
2023-06-16,0.7058823529412019,0.6470588235294336
2023-06-20,0.749999999999991,0.6874999999999925
2023-06-21,0.7999999999999978,0.7333333333333312
2023-06-22,0.8571428571428891,0.785714285714313
2023-06-23,0.9230769230769296,0.8461538461538517
2023-06-26,1.0000000000000149,0.91666666666668
2023-06-27,1.0909090909090922,1.0000000000000013
2023-06-28,1.2000000000000828,1.100000000000069
2023-06-29,0.6666666666666359,0.6111111111110854
2023-06-30,-5.33333333333333,-4.388888888888889
2023-07-03,-5.250000000000008,-4.312500000000005
2023-07-05,,
2023-07-06,,
2023-07-07,,
2023-07-10,,
2023-07-11,,
2023-07-12,,
2023-07-13,,
2023-07-14,,
2023-07-17,,
2023-07-18,,
2023-07-19,,
2023-07-20,,
2023-07-21,,
2023-07-24,,
2023-07-25,,
2023-07-26,,
2023-07-27,,
2023-07-28,,
2023-07-31,,
2023-08-01,,
2023-08-02,,
2023-08-03,,
2023-08-04,,
2023-08-07,,
2023-08-08,,
2023-08-09,,
2023-08-10,,
2023-08-11,,
2023-08-14,,
2023-08-15,,
2023-08-16,,
2023-08-17,,
2023-08-18,,
2023-08-21,,
2023-08-22,,
2023-08-23,,
2023-08-24,,
2023-08-25,,
2023-08-28,,
2023-08-29,,
2023-08-30,,
2023-08-31,,
2023-09-01,,
2023-09-05,,
2023-09-06,,
2023-09-07,,
2023-09-08,,
2023-09-11,,
2023-09-12,,
2023-09-13,,
2023-09-14,,
2023-09-15,,
2023-09-18,,
2023-09-19,,
2023-09-20,,
2023-09-21,,
2023-09-22,,
2023-09-25,,
2023-09-26,,
2023-09-27,,
2023-09-28,,
2023-09-29,,
2023-10-02,,
2023-10-03,,
2023-10-04,,
2023-10-05,,
2023-10-06,,
2023-10-09,,
2023-10-10,,
2023-10-11,,
2023-10-12,,
2023-10-13,,
2023-10-16,,
2023-10-17,,
2023-10-18,,
2023-10-19,,
2023-10-20,,
2023-10-23,,
2023-10-24,,
2023-10-25,,
2023-10-26,,
2023-10-27,,
2023-10-30,,
2023-10-31,,
2023-11-01,,
2023-11-02,,
2023-11-03,,
2023-11-06,,
2023-11-07,,
2023-11-08,,
2023-11-09,,
2023-11-10,,
2023-11-13,,
2023-11-14,,
2023-11-15,,
2023-11-16,,
2023-11-17,,
2023-11-20,,
2023-11-21,,
2023-11-22,,
2023-11-24,,
2023-11-27,,
2023-11-28,,
2023-11-29,,
2023-11-30,,
2023-12-01,,
2023-12-04,,
2023-12-05,,
2023-12-06,,
2023-12-07,,
2023-12-08,,
2023-12-11,,
2023-12-12,,
2023-12-13,,
2023-12-14,,
2023-12-15,,
2023-12-18,,
2023-12-19,,
2023-12-20,,
2023-12-21,,
2023-12-22,,
2023-12-26,,
2023-12-27,,
2023-12-28,,
2023-12-29,,
2024-01-02,,
2024-01-03,,
2024-01-04,,
2024-01-05,,
2024-01-08,,
2024-01-09,,
2024-01-10,,
2024-01-11,,
2024-01-12,,
2024-01-16,,
2024-01-17,,
2024-01-18,,
2024-01-19,,
2024-01-22,,
2024-01-23,,
2024-01-24,,
2024-01-25,,
2024-01-26,,
2024-01-29,,
2024-01-30,,
2024-01-31,,
2024-02-01,,
2024-02-02,,
2024-02-05,,
2024-02-06,,
2024-02-07,,
2024-02-08,,
2024-02-09,,
2024-02-12,,
2024-02-13,,
2024-02-14,,
2024-02-15,,
2024-02-16,,
2024-02-20,,
2024-02-21,,
2024-02-22,,
2024-02-23,,
2024-02-26,,
2024-02-27,,
2024-02-28,,
2024-02-29,,
2024-03-01,,
2024-03-04,,
2024-03-05,,
2024-03-06,,
2024-03-07,,
2024-03-08,,
2024-03-11,,
2024-03-12,,
2024-03-13,,
2024-03-14,,
2024-03-15,,
2024-03-18,,
2024-03-19,,
2024-03-20,,
2024-03-21,,
2024-03-22,,
2024-03-25,,
2024-03-26,,
2024-03-27,,
2024-03-28,,
2024-04-01,,
2024-04-02,,
2024-04-03,,
2024-04-04,,
2024-04-05,,
2024-04-08,,
2024-04-09,,
2024-04-10,,
2024-04-11,,
2024-04-12,,
2024-04-15,,
2024-04-16,,
2024-04-17,,
2024-04-18,,
2024-04-19,,
2024-04-22,,
2024-04-23,,
2024-04-24,,
2024-04-25,,
2024-04-26,,
2024-04-29,,
2024-04-30,,
2024-05-01,,
2024-05-02,,
2024-05-03,,
2024-05-06,,
2024-05-07,,
2024-05-08,,
2024-05-09,,
2024-05-10,,
2024-05-13,,
2024-05-14,,
2024-05-15,,
2024-05-16,,
2024-05-17,,
2024-05-20,,
2024-05-21,,
2024-05-22,,
2024-05-23,,
2024-05-24,,
2024-05-28,,
2024-05-29,,
2024-05-30,,
2024-05-31,,
2024-06-03,,
2024-06-04,,
2024-06-05,,
2024-06-06,,
2024-06-07,,
2024-06-10,,
2024-06-11,,
2024-06-12,,
2024-06-13,,
2024-06-14,,
2024-06-17,,
2024-06-18,,
2024-06-20,,
2024-06-21,0.05534591194968556,-0.060377358490566066
2024-06-24,1.333333333333335,1.111111111111113
2024-06-25,1.3333333333333353,1.111111111111113
2024-06-26,3.333333333333338,2.9444444444444478
2024-06-27,4.400000000000005,3.833333333333338
2024-06-28,3.900000000000004,3.375000000000003
2024-07-01,4.8000000000000025,4.200000000000001
2024-07-02,4.5818181818181865,4.018181818181823
2024-07-03,3.400000000000004,3.033333333333337
2024-07-05,3.400000000000003,3.033333333333336
2024-07-08,3.400000000000003,3.033333333333336
2024-07-09,3.400000000000003,3.033333333333336
2024-07-10,3.400000000000004,3.033333333333337
2024-07-11,3.400000000000003,3.033333333333336
2024-07-12,3.400000000000003,3.033333333333336
2024-07-15,3.400000000000003,3.033333333333336
2024-07-16,3.400000000000004,3.033333333333337
2024-07-17,3.400000000000003,3.033333333333336
2024-07-18,3.400000000000003,3.033333333333336
2024-07-19,3.400000000000003,3.033333333333336
2024-07-22,3.400000000000004,3.033333333333337
2024-07-23,3.400000000000003,3.033333333333336
2024-07-24,3.400000000000003,3.033333333333336
2024-07-25,3.400000000000003,3.033333333333336
2024-07-26,3.400000000000004,3.033333333333337
2024-07-29,3.400000000000003,3.033333333333336
2024-07-30,3.400000000000003,3.033333333333336
2024-07-31,3.400000000000003,3.033333333333336
2024-08-01,3.400000000000004,3.033333333333337
2024-08-02,3.400000000000003,3.033333333333336
2024-08-05,3.400000000000003,3.033333333333336
2024-08-06,3.400000000000003,3.033333333333336
2024-08-07,3.400000000000003,3.033333333333336
2024-08-08,3.400000000000003,3.033333333333336
2024-08-09,3.400000000000003,3.033333333333336
2024-08-12,3.400000000000003,3.033333333333336
2024-08-13,3.400000000000004,3.033333333333337
2024-08-14,3.400000000000003,3.033333333333336
2024-08-15,3.400000000000003,3.033333333333336
2024-08-16,3.400000000000003,3.033333333333336
2024-08-19,3.400000000000004,3.033333333333337
2024-08-20,3.400000000000003,3.033333333333336
2024-08-21,3.400000000000003,3.033333333333336
2024-08-22,3.400000000000003,3.033333333333336
2024-08-23,3.400000000000004,3.033333333333337
2024-08-26,3.400000000000003,3.033333333333336
2024-08-27,3.400000000000003,3.033333333333336
2024-08-28,3.400000000000003,3.033333333333336
2024-08-29,3.400000000000005,3.0333333333333377
2024-08-30,3.399999999999998,3.033333333333332
2024-09-03,3.3999999999999844,3.033333333333322
2024-09-04,3.490909090909078,3.1090909090908982
2024-09-05,3.5999999999999823,3.199999999999986
2024-09-06,3.7333333333333187,3.3111111111111
2024-09-09,3.900000000000004,3.4500000000000046
2024-09-10,4.114285714285747,3.628571428571455
2024-09-11,4.400000000000018,3.8666666666666822
2024-09-12,4.8000000000000265,4.200000000000023
2024-09-13,,
2024-09-16,,
2024-09-17,,
2024-09-18,,
2024-09-19,,
2024-09-20,,
2024-09-23,,
2024-09-24,,
2024-09-25,,
2024-09-26,,
2024-09-27,,
2024-09-30,,
2024-10-01,,
2024-10-02,,
2024-10-03,,
2024-10-04,,
2024-10-07,,
2024-10-08,,
2024-10-09,,
2024-10-10,,
2024-10-11,,
2024-10-14,,
2024-10-15,,
2024-10-16,,
2024-10-17,,
2024-10-18,,
2024-10-21,,
2024-10-22,,
2024-10-23,,
2024-10-24,,
2024-10-25,,
2024-10-28,,
2024-10-29,,
2024-10-30,,
2024-10-31,,
2024-11-01,,
2024-11-04,,
2024-11-05,,
2024-11-06,,
2024-11-07,,
2024-11-08,,
2024-11-11,,
2024-11-12,,
2024-11-13,,
2024-11-14,,
2024-11-15,,
2024-11-18,,
